#ifndef DESKTOPSHELL_PRG_H
#define DESKTOPSHELL_PRG_H

PROGMEM static const unsigned char DesktopShell_prg[] = {
	0x01, 0x08, 0x0b, 0x08, 0x0a, 0x00, 0x9e, 0x32, 0x30, 0x36, 0x31, 0x00,
	0x00, 0x00, 0x78, 0xd8, 0xa9, 0xad, 0x85, 0xfb, 0xa9, 0x5e, 0x85, 0xfc,
	0xa9, 0x69, 0x85, 0xfd, 0xa9, 0x9e, 0x85, 0xfe, 0xa0, 0x00, 0xa5, 0xfb,
	0xd0, 0x02, 0xc6, 0xfc, 0xc6, 0xfb, 0xa5, 0xfd, 0xd0, 0x02, 0xc6, 0xfe,
	0xc6, 0xfd, 0xb1, 0xfb, 0x91, 0xfd, 0xa5, 0xfb, 0xc9, 0x44, 0xd0, 0xe6,
	0xa5, 0xfc, 0xc9, 0x08, 0xd0, 0xe0, 0x4c, 0x00, 0x48, 0xa9, 0x00, 0x8d,
	0x08, 0xdd, 0xa2, 0x07, 0xbd, 0x29, 0xde, 0x9d, 0xbe, 0x93, 0xca, 0xd0,
	0xf7, 0x20, 0x3c, 0x50, 0xa9, 0x00, 0x8d, 0x04, 0xde, 0x78, 0xa9, 0x00,
	0xaa, 0xa8, 0xcd, 0x08, 0xdd, 0xd0, 0x09, 0xe8, 0xd0, 0xf8, 0xc8, 0xd0,
	0xf5, 0x4c, 0x67, 0x48, 0xa9, 0x00, 0x8d, 0x08, 0xdd, 0xcd, 0x08, 0xdd,
	0xf0, 0xfb, 0xa9, 0xff, 0x8d, 0x04, 0xdd, 0x8d, 0x05, 0xdd, 0xa9, 0x11,
	0x8d, 0x0e, 0xdd, 0xad, 0x08, 0xdd, 0xcd, 0x08, 0xdd, 0xf0, 0xfb, 0xad,
	0x05, 0xdd, 0xa0, 0x80, 0xc9, 0x29, 0xb0, 0x05, 0xa2, 0x01, 0x4c, 0x6e,
	0x48, 0xc9, 0x51, 0xb0, 0x05, 0xa2, 0x00, 0x4c, 0x6e, 0x48, 0xa0, 0x00,
	0xc9, 0x78, 0xb0, 0x05, 0xa2, 0x03, 0x4c, 0x6e, 0x48, 0xa2, 0x02, 0x8e,
	0x24, 0xde, 0x8c, 0x7a, 0x48, 0xad, 0x0e, 0xdc, 0x29, 0x7f, 0x09, 0x00,
	0x8d, 0x0e, 0xdc, 0x58, 0xa9, 0x48, 0x8d, 0x27, 0xde, 0xa9, 0x9e, 0x8d,
	0x28, 0xde, 0xa9, 0x00, 0x8d, 0x0b, 0xdc, 0x8d, 0x0a, 0xdc, 0x8d, 0x09,
	0xdc, 0x8d, 0x08, 0xdc, 0xad, 0x13, 0xde, 0x29, 0x08, 0x8d, 0x44, 0x8f,
	0xa2, 0x05, 0xbd, 0x80, 0x51, 0xdd, 0x03, 0x80, 0xd0, 0x06, 0xca, 0xd0,
	0xf5, 0x8e, 0x05, 0x80, 0xad, 0x15, 0x03, 0x8d, 0xc5, 0x8c, 0xad, 0x14,
	0x03, 0x8d, 0xc4, 0x8c, 0x20, 0x01, 0x87, 0xad, 0x26, 0xde, 0xc9, 0x02,
	0xd0, 0x13, 0xa9, 0x00, 0x8d, 0x26, 0xde, 0x20, 0xc9, 0x4c, 0xa9, 0x02,
	0x20, 0x6e, 0x4f, 0x20, 0xf7, 0x8b, 0x4c, 0xeb, 0x48, 0xa9, 0x08, 0x8d,
	0x04, 0xde, 0x20, 0xfc, 0x4d, 0x20, 0xa6, 0x8b, 0xad, 0x13, 0xde, 0x29,
	0x01, 0x8d, 0x75, 0x8c, 0xad, 0x13, 0xde, 0x29, 0x02, 0xf0, 0x03, 0x20,
	0x64, 0x4e, 0x20, 0x6d, 0x4e, 0xad, 0x14, 0xde, 0x29, 0x80, 0xf0, 0x08,
	0xa9, 0x16, 0x8d, 0x04, 0xde, 0x20, 0xfc, 0x4d, 0x20, 0xc5, 0x5a, 0x20,
	0x8b, 0x4b, 0xad, 0x0c, 0xde, 0x20, 0x3e, 0x4f, 0xad, 0xb0, 0x51, 0xf0,
	0x03, 0x20, 0xfe, 0x55, 0x20, 0x0a, 0x8f, 0x20, 0x8c, 0x87, 0x90, 0x03,
	0x4c, 0x78, 0x49, 0xad, 0x29, 0x8b, 0x4a, 0xb0, 0x06, 0x20, 0x8d, 0x4e,
	0x4c, 0x53, 0x49, 0x4a, 0xb0, 0x06, 0x20, 0xb1, 0x4e, 0x4c, 0x53, 0x49,
	0x4a, 0xb0, 0x06, 0x20, 0xd4, 0x4e, 0x4c, 0x53, 0x49, 0x4a, 0xb0, 0x06,
	0x20, 0x08, 0x4f, 0x4c, 0x53, 0x49, 0x4a, 0xb0, 0x23, 0x20, 0xba, 0x4c,
	0xad, 0x0c, 0xde, 0x20, 0x3e, 0x4f, 0xad, 0xb0, 0x51, 0xf0, 0x03, 0x20,
	0xfe, 0x55, 0xad, 0x13, 0xde, 0x29, 0xf0, 0x49, 0xf0, 0x4a, 0xa8, 0xc8,
	0xa2, 0xff, 0xca, 0xd0, 0xfd, 0x88, 0xd0, 0xf8, 0x20, 0x3c, 0x4c, 0xf0,
	0xa3, 0x20, 0x23, 0x5e, 0x90, 0x03, 0x4c, 0x1b, 0x49, 0xc9, 0xf0, 0xd0,
	0x11, 0xad, 0x0c, 0xde, 0x20, 0x3e, 0x4f, 0x20, 0xf1, 0x4e, 0xa9, 0x00,
	0x8d, 0x0c, 0xde, 0x4c, 0x0d, 0x49, 0xc9, 0xf1, 0xd0, 0x11, 0xad, 0x0c,
	0xde, 0x20, 0x3e, 0x4f, 0x20, 0x20, 0x4f, 0xa9, 0x00, 0x8d, 0x0c, 0xde,
	0x4c, 0x0d, 0x49, 0xc9, 0x0d, 0xd0, 0x06, 0x20, 0xba, 0x4c, 0x4c, 0x0d,
	0x49, 0xc9, 0x11, 0xd0, 0x06, 0x20, 0xb1, 0x4e, 0x4c, 0x0d, 0x49, 0xc9,
	0x91, 0xd0, 0x06, 0x20, 0x8d, 0x4e, 0x4c, 0x0d, 0x49, 0xc9, 0x1d, 0xd0,
	0x06, 0x20, 0x08, 0x4f, 0x4c, 0x0d, 0x49, 0xc9, 0x9d, 0xd0, 0x06, 0x20,
	0xd4, 0x4e, 0x4c, 0x0d, 0x49, 0xc9, 0x5e, 0xd0, 0x0e, 0xa9, 0x07, 0x8d,
	0x04, 0xde, 0x20, 0x0d, 0x4e, 0x20, 0x8b, 0x4b, 0x4c, 0x0d, 0x49, 0xc9,
	0xc1, 0xd0, 0x1b, 0x20, 0xdf, 0x8e, 0xa9, 0xfe, 0xa0, 0x90, 0x20, 0x9a,
	0x8e, 0xa9, 0x10, 0x8d, 0x04, 0xde, 0x20, 0xfc, 0x4d, 0x20, 0xea, 0x4d,
	0x20, 0x8b, 0x4b, 0x4c, 0x0d, 0x49, 0xc9, 0x5f, 0xd0, 0x0b, 0xa9, 0x00,
	0x20, 0x70, 0x50, 0x20, 0x8b, 0x4b, 0x4c, 0x0d, 0x49, 0xc9, 0x3f, 0xd0,
	0x0b, 0xa9, 0x01, 0x20, 0x70, 0x50, 0x20, 0x8b, 0x4b, 0x4c, 0x0d, 0x49,
	0xc9, 0x13, 0xd0, 0x10, 0xa9, 0x01, 0x8d, 0x0e, 0xde, 0xa9, 0x00, 0x8d,
	0x0c, 0xde, 0x20, 0x8b, 0x4b, 0x4c, 0x0d, 0x49, 0xc9, 0xd6, 0xd0, 0x0e,
	0xad, 0xb0, 0x51, 0x49, 0x01, 0x8d, 0xb0, 0x51, 0x20, 0x8b, 0x4b, 0x4c,
	0x0d, 0x49, 0xc9, 0x41, 0x30, 0x10, 0xc9, 0x5b, 0x10, 0x0c, 0x8d, 0x18,
	0xde, 0x20, 0x0d, 0x4e, 0x20, 0x8b, 0x4b, 0x4c, 0x0d, 0x49, 0xc9, 0x85,
	0xd0, 0x08, 0xa9, 0x02, 0x20, 0x80, 0x4b, 0x4c, 0x0d, 0x49, 0xc9, 0x89,
	0xd0, 0x0a, 0xa2, 0x07, 0xa9, 0x02, 0x8d, 0x80, 0x8b, 0x4c, 0x21, 0x4b,
	0xc9, 0x86, 0xd0, 0x08, 0xa9, 0x01, 0x20, 0x80, 0x4b, 0x4c, 0x0d, 0x49,
	0xc9, 0x8a, 0xd0, 0x06, 0x20, 0xec, 0x8b, 0x4c, 0x1b, 0x49, 0xc9, 0x87,
	0xd0, 0x08, 0xa9, 0x00, 0x20, 0x80, 0x4b, 0x4c, 0x0d, 0x49, 0xc9, 0x8b,
	0xd0, 0x09, 0x20, 0xc6, 0x8c, 0x20, 0x8b, 0x4b, 0x4c, 0x0d, 0x49, 0xc9,
	0x88, 0xd0, 0x07, 0xa2, 0x09, 0xa9, 0x02, 0x4c, 0x21, 0x4b, 0xc9, 0x8c,
	0xd0, 0x0c, 0xa9, 0x80, 0x8d, 0x29, 0xde, 0xa2, 0x09, 0xa9, 0x01, 0x4c,
	0x21, 0x4b, 0xc9, 0xcb, 0xd0, 0x0e, 0x20, 0xdf, 0x8e, 0xad, 0xc4, 0x93,
	0x8d, 0x86, 0x02, 0xa9, 0x17, 0x4c, 0xfe, 0x49, 0xc9, 0xd2, 0xd0, 0x0e,
	0x20, 0xdf, 0x8e, 0xad, 0xc4, 0x93, 0x8d, 0x86, 0x02, 0xa9, 0x19, 0x4c,
	0xfe, 0x49, 0xc9, 0xcd, 0xd0, 0x58, 0x20, 0xdf, 0x8e, 0xa9, 0x1c, 0xa0,
	0x91, 0x20, 0x9a, 0x8e, 0xa9, 0x14, 0x8d, 0x04, 0xde, 0x20, 0xfc, 0x4d,
	0xad, 0x29, 0xde, 0xf0, 0x0c, 0x20, 0x3c, 0x4c, 0xf0, 0xfb, 0x20, 0xd2,
	0xff, 0xc9, 0x59, 0xf0, 0x09, 0x20, 0xea, 0x4d, 0x20, 0x8b, 0x4b, 0x4c,
	0x0d, 0x49, 0xa2, 0x07, 0xa9, 0x03, 0x48, 0xa9, 0x01, 0x8d, 0x5c, 0x6d,
	0xa9, 0x00, 0x8d, 0x5d, 0x6d, 0x68, 0x48, 0x8a, 0x48, 0xa9, 0x02, 0x8d,
	0x0a, 0xde, 0x20, 0x0d, 0x4e, 0x68, 0x8d, 0x0c, 0xde, 0x20, 0xba, 0x4c,
	0x68, 0x8d, 0x0c, 0xde, 0x20, 0xba, 0x4c, 0x4c, 0x0d, 0x49, 0xc9, 0x31,
	0x30, 0x12, 0xc9, 0x36, 0x10, 0x0e, 0x38, 0xe9, 0x31, 0x8d, 0x29, 0xde,
	0xa9, 0x15, 0x8d, 0x04, 0xde, 0x4c, 0x1b, 0x49, 0xc9, 0x21, 0x30, 0x1a,
	0xc9, 0x26, 0x10, 0x16, 0x38, 0xe9, 0x21, 0x09, 0x80, 0x8d, 0x29, 0xde,
	0x20, 0xdf, 0x8e, 0xad, 0xc4, 0x93, 0x8d, 0x86, 0x02, 0xa9, 0x15, 0x4c,
	0xfe, 0x49, 0x4c, 0x1b, 0x49, 0x48, 0x20, 0x1d, 0x5b, 0x68, 0x8d, 0x0a,
	0xde, 0x20, 0x0d, 0x4e, 0xad, 0xb0, 0x51, 0xf0, 0x03, 0x4c, 0xb1, 0x51,
	0x20, 0xdf, 0x8e, 0xa2, 0x17, 0xa0, 0x00, 0x18, 0x20, 0xf0, 0xff, 0xa9,
	0x3c, 0xa0, 0x90, 0x20, 0x9a, 0x8e, 0xad, 0x0e, 0xde, 0x20, 0xcf, 0x8f,
	0xa9, 0x2f, 0x20, 0xd2, 0xff, 0xad, 0x0f, 0xde, 0x20, 0xcf, 0x8f, 0xa9,
	0x6b, 0xa0, 0x90, 0x20, 0x9a, 0x8e, 0xa2, 0x01, 0xa0, 0x00, 0x18, 0x20,
	0xf0, 0xff, 0xa9, 0x34, 0xa0, 0x90, 0x20, 0x9a, 0x8e, 0xad, 0x0a, 0xde,
	0x0a, 0xaa, 0xbd, 0x8a, 0x92, 0xbc, 0x8b, 0x92, 0x20, 0x9a, 0x8e, 0xa9,
	0x0d, 0x20, 0xd2, 0xff, 0xa9, 0x04, 0x20, 0x8b, 0x8e, 0xa9, 0x00, 0x8d,
	0x0b, 0xde, 0xa9, 0x0d, 0x20, 0xd2, 0xff, 0xa9, 0x1d, 0x20, 0xd2, 0xff,
	0xad, 0xc5, 0x93, 0x8d, 0x86, 0x02, 0xa9, 0x00, 0x20, 0x8b, 0x8e, 0x38,
	0x20, 0xf0, 0xff, 0xa0, 0x24, 0x18, 0x20, 0xf0, 0xff, 0xad, 0xc4, 0x93,
	0x8d, 0x86, 0x02, 0xad, 0x10, 0xde, 0x29, 0x80, 0xf0, 0x07, 0xa9, 0xbc,
	0xa0, 0x93, 0x20, 0x9a, 0x8e, 0xad, 0x10, 0xde, 0x29, 0x7f, 0x0a, 0x0a,
	0xa8, 0xb9, 0xc6, 0x93, 0x20, 0xd2, 0xff, 0xc8, 0x98, 0x29, 0x03, 0xd0,
	0xf4, 0xee, 0x0b, 0xde, 0xae, 0x0b, 0xde, 0xec, 0x0d, 0xde, 0xd0, 0xae,
	0x60, 0xa9, 0x00, 0xd0, 0x04, 0x20, 0xe4, 0xff, 0x60, 0xad, 0x26, 0xde,
	0x8d, 0x25, 0xde, 0xa2, 0x00, 0x8e, 0x3d, 0x4c, 0xc9, 0x03, 0xd0, 0x06,
	0x20, 0xec, 0x8b, 0x4c, 0x40, 0x4c, 0xc9, 0x04, 0xd0, 0x10, 0x20, 0xdb,
	0x8b, 0xa9, 0xf0, 0xcd, 0xe7, 0x07, 0xd0, 0xd9, 0x20, 0xe8, 0x8d, 0x4c,
	0x40, 0x4c, 0xc9, 0x05, 0xd0, 0x10, 0x20, 0x7e, 0x8e, 0xa9, 0xf0, 0xcd,
	0xe7, 0x07, 0xd0, 0xc5, 0x20, 0x14, 0x8e, 0x4c, 0x40, 0x4c, 0xc9, 0x06,
	0xd0, 0x13, 0xad, 0x29, 0xde, 0x8d, 0x8c, 0x8c, 0xa9, 0xf0, 0xcd, 0xe7,
	0x07, 0xd0, 0xae, 0x20, 0x35, 0x8e, 0x4c, 0x40, 0x4c, 0xc9, 0x02, 0xd0,
	0xa4, 0x20, 0x3c, 0x50, 0x20, 0xc9, 0x4c, 0xa9, 0x02, 0x20, 0x6e, 0x4f,
	0xa9, 0x85, 0x60, 0xa9, 0x02, 0x8d, 0x04, 0xde, 0x20, 0x0d, 0x4e, 0xa9,
	0x00, 0x8d, 0x0c, 0xde, 0x4c, 0x7d, 0x4d, 0x20, 0x1e, 0x61, 0x90, 0x01,
	0x60, 0xad, 0x0c, 0xde, 0x8d, 0x0b, 0xde, 0x20, 0x3e, 0x4f, 0x20, 0x7d,
	0x87, 0xad, 0x10, 0xde, 0x29, 0x7f, 0xc9, 0x02, 0xf0, 0xd5, 0xc9, 0x03,
	0xf0, 0xd1, 0xc9, 0x04, 0xf0, 0xcd, 0xc9, 0x05, 0xf0, 0xc9, 0xc9, 0x00,
	0xd0, 0x01, 0x60, 0xc9, 0x13, 0xd0, 0x05, 0x68, 0x68, 0x4c, 0xdf, 0x4a,
	0xc9, 0x0e, 0xf0, 0x04, 0xc9, 0x0d, 0xd0, 0x06, 0x20, 0xb1, 0x50, 0x4c,
	0x7d, 0x4d, 0x48, 0x20, 0x27, 0x8c, 0x20, 0xdf, 0x8e, 0xad, 0xc5, 0x93,
	0x8d, 0x86, 0x02, 0x68, 0xc9, 0x08, 0xd0, 0x3b, 0xa9, 0x0d, 0x20, 0xd2,
	0xff, 0xa9, 0x00, 0x20, 0x8b, 0x8e, 0xa9, 0xcf, 0xa0, 0x92, 0x20, 0x9a,
	0x8e, 0x20, 0xe4, 0xff, 0xf0, 0xfb, 0xc9, 0x4e, 0xd0, 0x06, 0x20, 0xf7,
	0x8b, 0x4c, 0x7d, 0x4d, 0xc9, 0x59, 0xd0, 0xed, 0xa9, 0x03, 0xa0, 0x93,
	0x20, 0x9a, 0x8e, 0x20, 0xf7, 0x4d, 0xa9, 0x7a, 0xa0, 0x93, 0x20, 0x9a,
	0x8e, 0x20, 0xe2, 0x4d, 0x4c, 0x7d, 0x4d, 0xc9, 0x0a, 0xd0, 0x16, 0x20,
	0xf7, 0x4d, 0xa9, 0x00, 0x8d, 0x75, 0x8c, 0x20, 0xa6, 0x8b, 0xad, 0x75,
	0x8c, 0xd0, 0x1f, 0x20, 0xc6, 0x8c, 0x4c, 0x7d, 0x4d, 0xc9, 0x0b, 0xd0,
	0x06, 0x20, 0x75, 0x4f, 0x4c, 0x7d, 0x4d, 0xc9, 0x0c, 0xf0, 0xf6, 0x20,
	0xf7, 0x4d, 0xad, 0x02, 0xde, 0xd0, 0x07, 0x20, 0xe2, 0x4d, 0x20, 0x8b,
	0x4b, 0x60, 0xa9, 0x18, 0x8d, 0x04, 0xde, 0x20, 0xfc, 0x4d, 0x78, 0xd8,
	0xa2, 0xff, 0x9a, 0x20, 0x84, 0xff, 0xa2, 0x17, 0xa9, 0x00, 0x9d, 0x00,
	0xd4, 0xca, 0x10, 0xfa, 0xa9, 0x00, 0xa8, 0x99, 0x02, 0x00, 0x99, 0x00,
	0x02, 0x99, 0x00, 0x03, 0xc8, 0xd0, 0xf4, 0xa2, 0x00, 0xa0, 0xa0, 0x20,
	0x8c, 0xfd, 0x20, 0x8a, 0xff, 0x20, 0x81, 0xff, 0x58, 0x20, 0x53, 0xe4,
	0x20, 0xbf, 0xe3, 0x20, 0x22, 0xe4, 0xa2, 0xfb, 0x9a, 0xa9, 0x8b, 0xa0,
	0x37, 0x85, 0xfc, 0x84, 0xfb, 0xa9, 0x03, 0xa0, 0x3c, 0x85, 0xfe, 0x84,
	0xfd, 0xa0, 0x00, 0xb1, 0xfb, 0x91, 0xfd, 0xc8, 0xc0, 0x6f, 0xd0, 0xf7,
	0x4c, 0x3c, 0x03, 0xa9, 0x01, 0x8d, 0x75, 0x8c, 0x20, 0xf7, 0x8b, 0xa9,
	0x8e, 0xa0, 0x93, 0x20, 0x9a, 0x8e, 0x20, 0x3c, 0x4c, 0xf0, 0xfb, 0x60,
	0xa9, 0x02, 0x8d, 0x04, 0xde, 0xad, 0x2a, 0x73, 0xf0, 0x03, 0x4c, 0xec,
	0x6f, 0x20, 0xd4, 0x6f, 0xac, 0x09, 0xdc, 0x4c, 0x29, 0x4e, 0xad, 0x2a,
	0x73, 0xf0, 0x03, 0x4c, 0xec, 0x6f, 0x20, 0xd4, 0x6f, 0xa2, 0x01, 0xa0,
	0x1d, 0x18, 0x20, 0xf0, 0xff, 0xa9, 0xa9, 0xa0, 0x93, 0x20, 0x9a, 0x8e,
	0xa0, 0xff, 0xee, 0x4e, 0x04, 0xc0, 0xff, 0xf0, 0x0d, 0xcc, 0x09, 0xdc,
	0xf0, 0x08, 0xac, 0x09, 0xdc, 0xa9, 0x2e, 0x20, 0xd2, 0xff, 0xad, 0x01,
	0xde, 0xc9, 0xa5, 0xf0, 0x04, 0xc9, 0x5a, 0xd0, 0xe1, 0xa2, 0x05, 0xcd,
	0x01, 0xde, 0xd0, 0xda, 0xca, 0xd0, 0xf8, 0xc9, 0x5a, 0xf0, 0x0d, 0xa9,
	0x02, 0x20, 0x8b, 0x8e, 0xa9, 0xc3, 0x8d, 0x01, 0xde, 0x4c, 0x29, 0x4e,
	0x60, 0xa9, 0x03, 0x8d, 0x04, 0xde, 0x20, 0xfc, 0x4d, 0x60, 0xa9, 0x04,
	0x8d, 0x04, 0xde, 0x20, 0xfc, 0x4d, 0xad, 0x07, 0xde, 0x8d, 0x0b, 0xdc,
	0xad, 0x08, 0xde, 0x8d, 0x0a, 0xdc, 0xad, 0x09, 0xde, 0x8d, 0x09, 0xdc,
	0xa9, 0x09, 0x8d, 0x08, 0xdc, 0x60, 0x20, 0xef, 0x5e, 0x90, 0x01, 0x60,
	0xad, 0xb0, 0x51, 0xf0, 0x03, 0x4c, 0xc3, 0x57, 0xad, 0x0c, 0xde, 0xaa,
	0x20, 0x3e, 0x4f, 0xe0, 0x00, 0xd0, 0x06, 0x20, 0xf1, 0x4e, 0xae, 0x0d,
	0xde, 0xca, 0x8e, 0x0c, 0xde, 0x60, 0x20, 0x28, 0x5f, 0x90, 0x01, 0x60,
	0xad, 0xb0, 0x51, 0xf0, 0x03, 0x4c, 0x11, 0x58, 0xae, 0x0c, 0xde, 0x8a,
	0x20, 0x3e, 0x4f, 0xe8, 0xec, 0x0d, 0xde, 0xf0, 0x04, 0x8e, 0x0c, 0xde,
	0x60, 0x20, 0x20, 0x4f, 0x60, 0x20, 0x61, 0x5f, 0x90, 0x01, 0x60, 0xad,
	0xb0, 0x51, 0xf0, 0x03, 0x4c, 0x52, 0x58, 0xad, 0x0c, 0xde, 0x20, 0x3e,
	0x4f, 0x20, 0xf1, 0x4e, 0xa9, 0x00, 0x8d, 0x0c, 0xde, 0x60, 0xae, 0x0e,
	0xde, 0xe0, 0x01, 0xd0, 0x08, 0xae, 0x0f, 0xde, 0xe0, 0x01, 0xf0, 0x08,
	0xe8, 0xca, 0x8e, 0x0e, 0xde, 0x20, 0x8b, 0x4b, 0x60, 0x20, 0x9a, 0x5f,
	0x90, 0x01, 0x60, 0xad, 0xb0, 0x51, 0xf0, 0x03, 0x4c, 0x88, 0x58, 0xad,
	0x0c, 0xde, 0x20, 0x3e, 0x4f, 0x20, 0x20, 0x4f, 0x60, 0xae, 0x0e, 0xde,
	0xec, 0x0f, 0xde, 0xd0, 0x09, 0xae, 0x0f, 0xde, 0xe0, 0x01, 0xf0, 0x09,
	0xa2, 0x00, 0xe8, 0x8e, 0x0e, 0xde, 0x20, 0x8b, 0x4b, 0xa9, 0x00, 0x8d,
	0x0c, 0xde, 0x60, 0x20, 0x32, 0x5b, 0x90, 0x01, 0x60, 0xac, 0xb0, 0x51,
	0xf0, 0x03, 0x4c, 0xeb, 0x56, 0x0a, 0xa8, 0xb9, 0x87, 0x51, 0x8d, 0x64,
	0x4f, 0x8d, 0x69, 0x4f, 0xb9, 0x86, 0x51, 0x8d, 0x63, 0x4f, 0x8d, 0x68,
	0x4f, 0xa0, 0x28, 0xb9, 0xfe, 0xff, 0x49, 0x80, 0x99, 0xfe, 0xff, 0x88,
	0xd0, 0xf5, 0x60, 0x8d, 0x0a, 0xde, 0x20, 0x0d, 0x4e, 0x60, 0xc9, 0x0c,
	0xd0, 0x09, 0xa2, 0x28, 0xa0, 0x43, 0xa9, 0xc8, 0x4c, 0x88, 0x4f, 0xa2,
	0x10, 0xa0, 0x47, 0xa9, 0xd8, 0x8e, 0x9f, 0x4f, 0x8c, 0xa0, 0x4f, 0x8d,
	0xe2, 0x4f, 0x20, 0xf7, 0x4d, 0xa9, 0xff, 0x8d, 0x75, 0x8c, 0x20, 0x4e,
	0x8e, 0xd0, 0xd6, 0xad, 0x10, 0x47, 0x8d, 0x21, 0xd0, 0x8d, 0x20, 0xd0,
	0xa2, 0x00, 0xbd, 0x28, 0x43, 0x9d, 0x00, 0xd8, 0xbd, 0x28, 0x44, 0x9d,
	0x00, 0xd9, 0xbd, 0x28, 0x45, 0x9d, 0x00, 0xda, 0xbd, 0x28, 0x46, 0x9d,
	0x00, 0xdb, 0xbd, 0x40, 0x3f, 0x9d, 0x00, 0x04, 0xbd, 0x40, 0x40, 0x9d,
	0x00, 0x05, 0xbd, 0x40, 0x41, 0x9d, 0x00, 0x06, 0xbd, 0x40, 0x42, 0x9d,
	0x00, 0x07, 0xca, 0xd0, 0xcd, 0xa9, 0x18, 0x8d, 0x18, 0xd0, 0xa9, 0xd8,
	0x8d, 0x16, 0xd0, 0xa9, 0x3b, 0x8d, 0x11, 0xd0, 0x20, 0xf7, 0x8b, 0x20,
	0x3c, 0x4c, 0xf0, 0xfb, 0xc9, 0x91, 0xd0, 0x09, 0xee, 0x21, 0xd0, 0xee,
	0x20, 0xd0, 0x4c, 0xee, 0x4f, 0xc9, 0x11, 0xd0, 0x09, 0xce, 0x21, 0xd0,
	0xce, 0x20, 0xd0, 0x4c, 0xee, 0x4f, 0xc9, 0x2d, 0xd0, 0x1e, 0xa9, 0x0a,
	0x8d, 0x04, 0xde, 0xa9, 0x00, 0x8d, 0x11, 0xd0, 0x20, 0xdf, 0x8e, 0xad,
	0xc5, 0x93, 0x8d, 0x86, 0x02, 0x20, 0xfc, 0x4d, 0xad, 0x10, 0xde, 0x29,
	0x7f, 0x4c, 0x75, 0x4f, 0xc9, 0x2b, 0xd0, 0x05, 0xa9, 0x09, 0x4c, 0x13,
	0x50, 0x20, 0x3c, 0x50, 0x60, 0xad, 0x2b, 0x73, 0xf0, 0x06, 0xa9, 0x40,
	0x8d, 0x88, 0x02, 0x60, 0xa9, 0x04, 0x8d, 0x88, 0x02, 0xa9, 0x00, 0x8d,
	0x2a, 0x73, 0x20, 0x74, 0x87, 0xa9, 0x17, 0x8d, 0x18, 0xd0, 0xa9, 0xc8,
	0x8d, 0x16, 0xd0, 0xa9, 0x1b, 0x8d, 0x11, 0xd0, 0xad, 0xc0, 0x93, 0x8d,
	0x20, 0xd0, 0xad, 0xbf, 0x93, 0x8d, 0x21, 0xd0, 0x60, 0x8d, 0x29, 0xde,
	0x20, 0xdf, 0x8e, 0xa9, 0x8c, 0xa0, 0x90, 0x20, 0x9a, 0x8e, 0xa9, 0x0c,
	0x8d, 0x04, 0xde, 0x20, 0xfc, 0x4d, 0xad, 0x07, 0xde, 0xf0, 0x14, 0xa9,
	0x9f, 0xa0, 0x90, 0x20, 0x9a, 0x8e, 0x20, 0x3c, 0x4c, 0xf0, 0xfb, 0xa9,
	0x0d, 0x8d, 0x04, 0xde, 0x20, 0xfc, 0x4d, 0xa9, 0xdd, 0xa0, 0x90, 0x20,
	0x9a, 0x8e, 0x20, 0xea, 0x4d, 0xa9, 0x0e, 0x8d, 0x04, 0xde, 0x20, 0xfc,
	0x4d, 0x60, 0x20, 0xdf, 0x8e, 0xad, 0xc3, 0x93, 0x8d, 0x86, 0x02, 0x20,
	0xf7, 0x4d, 0xad, 0x02, 0xde, 0xd0, 0x06, 0x20, 0xea, 0x4d, 0x4c, 0x7e,
	0x51, 0xa9, 0x00, 0xf0, 0x08, 0xa9, 0x00, 0x8d, 0xc9, 0x50, 0x20, 0xea,
	0x4d, 0xad, 0xc5, 0x93, 0x8d, 0x86, 0x02, 0xa9, 0x93, 0x20, 0xd2, 0xff,
	0xad, 0x02, 0xde, 0xf0, 0x19, 0xa6, 0xd6, 0xad, 0x03, 0xde, 0xe0, 0x18,
	0xd0, 0x0a, 0xa4, 0xd3, 0xc0, 0x27, 0xf0, 0x0a, 0xc9, 0x0d, 0xf0, 0x06,
	0x20, 0xd2, 0xff, 0x4c, 0xdf, 0x50, 0x20, 0x3c, 0x4c, 0xf0, 0xfb, 0xc9,
	0x85, 0xf0, 0x78, 0xc9, 0x03, 0xf0, 0x74, 0xc9, 0x0d, 0xd0, 0x08, 0xae,
	0x02, 0xde, 0xd0, 0xc7, 0x4c, 0x7e, 0x51, 0xc9, 0x20, 0xd0, 0x0a, 0xae,
	0x02, 0xde, 0xd0, 0xbb, 0xa9, 0x12, 0x4c, 0x33, 0x51, 0xc9, 0x2b, 0xd0,
	0x05, 0xa9, 0x12, 0x4c, 0x33, 0x51, 0xc9, 0x2d, 0xd0, 0x08, 0xa9, 0x13,
	0x8d, 0x04, 0xde, 0x4c, 0xb1, 0x50, 0xc9, 0x91, 0xd0, 0x06, 0xee, 0x21,
	0xd0, 0x4c, 0xfd, 0x50, 0xc9, 0x11, 0xd0, 0x06, 0xce, 0x21, 0xd0, 0x4c,
	0xfd, 0x50, 0xc9, 0x9d, 0xd0, 0x06, 0xee, 0x20, 0xd0, 0x4c, 0xfd, 0x50,
	0xc9, 0x1d, 0xd0, 0x06, 0xce, 0x20, 0xd0, 0x4c, 0xfd, 0x50, 0xc9, 0x52,
	0xd0, 0x03, 0x4c, 0xb1, 0x50, 0xc9, 0x49, 0xd0, 0x08, 0xa9, 0x01, 0x8d,
	0xc9, 0x50, 0x4c, 0xb1, 0x50, 0xc9, 0x8a, 0xd0, 0x03, 0x20, 0xec, 0x8b,
	0x4c, 0xfd, 0x50, 0x4c, 0x3c, 0x50, 0xc3, 0xc2, 0xcd, 0x38, 0x30, 0x77,
	0x04, 0x9f, 0x04, 0xc7, 0x04, 0xef, 0x04, 0x17, 0x05, 0x3f, 0x05, 0x67,
	0x05, 0x8f, 0x05, 0xb7, 0x05, 0xdf, 0x05, 0x07, 0x06, 0x2f, 0x06, 0x57,
	0x06, 0x7f, 0x06, 0xa7, 0x06, 0xcf, 0x06, 0xf7, 0x06, 0x1f, 0x07, 0x47,
	0x07, 0x6f, 0x07, 0x97, 0x07, 0x01, 0xa9, 0x00, 0x8d, 0x2a, 0x73, 0xa9,
	0x01, 0x8d, 0x2b, 0x73, 0xad, 0x5c, 0x6d, 0xc9, 0x02, 0xd0, 0x03, 0x4c,
	0x3f, 0x94, 0xad, 0x5c, 0x6d, 0xd0, 0x06, 0x20, 0x78, 0x5b, 0x4c, 0x70,
	0x6d, 0x20, 0x3c, 0x50, 0xa9, 0x0e, 0x20, 0xd2, 0xff, 0xa9, 0x93, 0x20,
	0xd2, 0xff, 0x20, 0x16, 0x52, 0x20, 0x74, 0x52, 0x20, 0xe4, 0x52, 0xad,
	0x0c, 0xde, 0xcd, 0x0d, 0xde, 0x90, 0x05, 0xa9, 0x00, 0x8d, 0x0c, 0xde,
	0xa9, 0x00, 0x8d, 0xbe, 0x5a, 0xad, 0xbe, 0x5a, 0xcd, 0x0d, 0xde, 0xb0,
	0x0c, 0x8d, 0x0b, 0xde, 0x20, 0x24, 0x53, 0xee, 0xbe, 0x5a, 0x4c, 0xf8,
	0x51, 0x20, 0xfe, 0x55, 0x20, 0xef, 0x5c, 0x4c, 0x70, 0x6d, 0x60, 0x08,
	0x78, 0xa5, 0x01, 0x48, 0xa9, 0x33, 0x85, 0x01, 0xa2, 0x00, 0xbd, 0x00,
	0xd8, 0x9d, 0x00, 0x44, 0xbd, 0x00, 0xd9, 0x9d, 0x00, 0x45, 0xbd, 0x00,
	0xda, 0x9d, 0x00, 0x46, 0xbd, 0x00, 0xdb, 0x9d, 0x00, 0x47, 0xe8, 0xd0,
	0xe5, 0x68, 0x85, 0x01, 0x20, 0x8e, 0x7d, 0xa2, 0x00, 0xbd, 0x41, 0x86,
	0x9d, 0x00, 0x47, 0xe8, 0xe0, 0xc0, 0xd0, 0xf5, 0xa2, 0x00, 0xbd, 0xae,
	0x5a, 0x9d, 0xc0, 0x47, 0xe8, 0xe0, 0x10, 0xd0, 0xf5, 0xa9, 0x00, 0x8d,
	0x86, 0x02, 0xa2, 0x00, 0x9d, 0x00, 0xd8, 0x9d, 0x00, 0xd9, 0x9d, 0x00,
	0xda, 0x9d, 0x00, 0xdb, 0xe8, 0xd0, 0xf1, 0x28, 0x60, 0x4c, 0x3e, 0x5c,
	0xa2, 0x00, 0xa0, 0x00, 0x18, 0x20, 0xf0, 0xff, 0xa9, 0x00, 0x8d, 0x86,
	0x02, 0xa9, 0x18, 0xa0, 0x59, 0x20, 0x9a, 0x8e, 0xa2, 0x01, 0xa0, 0x00,
	0x18, 0x20, 0xf0, 0xff, 0xa9, 0x00, 0x8d, 0x86, 0x02, 0xa9, 0x43, 0xa0,
	0x59, 0x20, 0x9a, 0x8e, 0xad, 0x0a, 0xde, 0x0a, 0xaa, 0xbd, 0x8a, 0x92,
	0xbc, 0x8b, 0x92, 0x20, 0x9a, 0x8e, 0xa2, 0x01, 0xa0, 0x12, 0x18, 0x20,
	0xf0, 0xff, 0xa9, 0x4c, 0xa0, 0x59, 0x20, 0x9a, 0x8e, 0xad, 0x0e, 0xde,
	0x20, 0xcf, 0x8f, 0xa9, 0x2f, 0x20, 0xd2, 0xff, 0xad, 0x0f, 0xde, 0x20,
	0xcf, 0x8f, 0xa2, 0x02, 0xa0, 0x00, 0x18, 0x20, 0xf0, 0xff, 0xa9, 0x50,
	0xa0, 0x59, 0x20, 0x9a, 0x8e, 0xa9, 0x04, 0xa2, 0x21, 0x20, 0xe5, 0x55,
	0x60, 0x4c, 0x9a, 0x5c, 0xa2, 0x16, 0xa0, 0x00, 0x18, 0x20, 0xf0, 0xff,
	0xa9, 0x00, 0x8d, 0x86, 0x02, 0xa9, 0x57, 0xa0, 0x59, 0x20, 0x9a, 0x8e,
	0xa2, 0x17, 0xa0, 0x00, 0x18, 0x20, 0xf0, 0xff, 0xa9, 0x00, 0x8d, 0x86,
	0x02, 0xa9, 0x80, 0xa0, 0x59, 0x20, 0x9a, 0x8e, 0xa2, 0x18, 0xa0, 0x00,
	0x18, 0x20, 0xf0, 0xff, 0xa9, 0x00, 0x8d, 0x86, 0x02, 0xa9, 0xa9, 0xa0,
	0x59, 0x20, 0x9a, 0x8e, 0x60, 0xad, 0x10, 0xde, 0x8d, 0xc3, 0x5a, 0x29,
	0x7f, 0x8d, 0xc2, 0x5a, 0xad, 0xc2, 0x5a, 0xc9, 0x02, 0xf0, 0x24, 0xc9,
	0x03, 0xf0, 0x24, 0xc9, 0x04, 0xf0, 0x20, 0xc9, 0x05, 0xf0, 0x1c, 0xc9,
	0x06, 0xf0, 0x1c, 0xc9, 0x07, 0xf0, 0x18, 0xc9, 0x09, 0xf0, 0x14, 0xc9,
	0x0f, 0x90, 0x04, 0xc9, 0x13, 0x90, 0x0c, 0xa9, 0x6c, 0xd0, 0x0a, 0xa9,
	0x60, 0xd0, 0x06, 0xa9, 0x66, 0xd0, 0x02, 0xa9, 0x72, 0x20, 0x9a, 0x55,
	0xad, 0xbe, 0x5a, 0x20, 0xd7, 0x55, 0xa9, 0x00, 0x8d, 0x86, 0x02, 0xad,
	0xbe, 0x5a, 0x20, 0x9d, 0x53, 0x20, 0x7c, 0x53, 0x60, 0xa9, 0x00, 0x8d,
	0x17, 0xde, 0xa9, 0x07, 0x8d, 0xc1, 0x5a, 0xad, 0x17, 0xde, 0xf0, 0x11,
	0x20, 0xc8, 0x53, 0xae, 0xc1, 0x5a, 0xf0, 0xf3, 0x20, 0xd2, 0xff, 0xce,
	0xc1, 0x5a, 0x4c, 0x86, 0x53, 0x60, 0xc9, 0x13, 0x90, 0x06, 0xa9, 0x14,
	0x8d, 0xe3, 0x53, 0x60, 0xaa, 0xbd, 0xe5, 0x53, 0x8d, 0xc2, 0x53, 0x8d,
	0xd8, 0x53, 0xbd, 0xf8, 0x53, 0x8d, 0xc3, 0x53, 0x8d, 0xd9, 0x53, 0xa9,
	0x00, 0x8d, 0xe3, 0x53, 0xa0, 0x14, 0x99, 0xff, 0xff, 0x88, 0x10, 0xfa,
	0x60, 0x8d, 0xe4, 0x53, 0x98, 0x48, 0xac, 0xe3, 0x53, 0xc0, 0x14, 0xb0,
	0x09, 0xad, 0xe4, 0x53, 0x99, 0xff, 0xff, 0xee, 0xe3, 0x53, 0x68, 0xa8,
	0xad, 0xe4, 0x53, 0x60, 0x14, 0x00, 0x0b, 0x20, 0x35, 0x4a, 0x5f, 0x74,
	0x89, 0x9e, 0xb3, 0xc8, 0xdd, 0xf2, 0x07, 0x1c, 0x31, 0x46, 0x5b, 0x70,
	0x85, 0x54, 0x54, 0x54, 0x54, 0x54, 0x54, 0x54, 0x54, 0x54, 0x54, 0x54,
	0x54, 0x55, 0x55, 0x55, 0x55, 0x55, 0x55, 0x55, 0x00, 0x00, 0x00, 0x00,
	0x00, 0x00, 0x00, 0x00, 0x00, 0x00, 0x00, 0x00, 0x00, 0x00, 0x00, 0x00,
	0x00, 0x00, 0x00, 0x00, 0x00, 0x00, 0x00, 0x00, 0x00, 0x00, 0x00, 0x00,
	0x00, 0x00, 0x00, 0x00, 0x00, 0x00, 0x00, 0x00, 0x00, 0x00, 0x00, 0x00,
	0x00, 0x00, 0x00, 0x00, 0x00, 0x00, 0x00, 0x00, 0x00, 0x00, 0x00, 0x00,
	0x00, 0x00, 0x00, 0x00, 0x00, 0x00, 0x00, 0x00, 0x00, 0x00, 0x00, 0x00,
	0x00, 0x00, 0x00, 0x00, 0x00, 0x00, 0x00, 0x00, 0x00, 0x00, 0x00, 0x00,
	0x00, 0x00, 0x00, 0x00, 0x00, 0x00, 0x00, 0x00, 0x00, 0x00, 0x00, 0x00,
	0x00, 0x00, 0x00, 0x00, 0x00, 0x00, 0x00, 0x00, 0x00, 0x00, 0x00, 0x00,
	0x00, 0x00, 0x00, 0x00, 0x00, 0x00, 0x00, 0x00, 0x00, 0x00, 0x00, 0x00,
	0x00, 0x00, 0x00, 0x00, 0x00, 0x00, 0x00, 0x00, 0x00, 0x00, 0x00, 0x00,
	0x00, 0x00, 0x00, 0x00, 0x00, 0x00, 0x00, 0x00, 0x00, 0x00, 0x00, 0x00,
	0x00, 0x00, 0x00, 0x00, 0x00, 0x00, 0x00, 0x00, 0x00, 0x00, 0x00, 0x00,
	0x00, 0x00, 0x00, 0x00, 0x00, 0x00, 0x00, 0x00, 0x00, 0x00, 0x00, 0x00,
	0x00, 0x00, 0x00, 0x00, 0x00, 0x00, 0x00, 0x00, 0x00, 0x00, 0x00, 0x00,
	0x00, 0x00, 0x00, 0x00, 0x00, 0x00, 0x00, 0x00, 0x00, 0x00, 0x00, 0x00,
	0x00, 0x00, 0x00, 0x00, 0x00, 0x00, 0x00, 0x00, 0x00, 0x00, 0x00, 0x00,
	0x00, 0x00, 0x00, 0x00, 0x00, 0x00, 0x00, 0x00, 0x00, 0x00, 0x00, 0x00,
	0x00, 0x00, 0x00, 0x00, 0x00, 0x00, 0x00, 0x00, 0x00, 0x00, 0x00, 0x00,
	0x00, 0x00, 0x00, 0x00, 0x00, 0x00, 0x00, 0x00, 0x00, 0x00, 0x00, 0x00,
	0x00, 0x00, 0x00, 0x00, 0x00, 0x00, 0x00, 0x00, 0x00, 0x00, 0x00, 0x00,
	0x00, 0x00, 0x00, 0x00, 0x00, 0x00, 0x00, 0x00, 0x00, 0x00, 0x00, 0x00,
	0x00, 0x00, 0x00, 0x00, 0x00, 0x00, 0x00, 0x00, 0x00, 0x00, 0x00, 0x00,
	0x00, 0x00, 0x00, 0x00, 0x00, 0x00, 0x00, 0x00, 0x00, 0x00, 0x00, 0x00,
	0x00, 0x00, 0x00, 0x00, 0x00, 0x00, 0x00, 0x00, 0x00, 0x00, 0x00, 0x00,
	0x00, 0x00, 0x00, 0x00, 0x00, 0x00, 0x00, 0x00, 0x00, 0x00, 0x00, 0x00,
	0x00, 0x00, 0x00, 0x00, 0x00, 0x00, 0x00, 0x00, 0x00, 0x00, 0x00, 0x00,
	0x00, 0x00, 0x00, 0x00, 0x00, 0x00, 0x00, 0x00, 0x00, 0x00, 0x00, 0x00,
	0x00, 0x00, 0x00, 0x00, 0x00, 0x00, 0x00, 0x00, 0x00, 0x00, 0x00, 0x00,
	0x00, 0x00, 0x00, 0x00, 0x00, 0x00, 0x00, 0x00, 0x00, 0x00, 0x00, 0x00,
	0x00, 0x00, 0x00, 0x00, 0x00, 0x00, 0x00, 0x00, 0x00, 0x00, 0x00, 0x00,
	0x00, 0x00, 0x00, 0x00, 0x00, 0x00, 0x00, 0x00, 0x00, 0x00, 0x00, 0x00,
	0x00, 0x00, 0x00, 0x00, 0x00, 0x00, 0x00, 0x00, 0x00, 0x00, 0x00, 0x00,
	0x00, 0x00, 0x00, 0x00, 0x00, 0x00, 0x00, 0x00, 0x00, 0x00, 0x00, 0x08,
	0x78, 0x8d, 0xc4, 0x5a, 0xad, 0xbe, 0x5a, 0x0a, 0xaa, 0x18, 0xbd, 0xf2,
	0x58, 0x69, 0x02, 0x85, 0xfb, 0xbd, 0xf3, 0x58, 0x69, 0x00, 0x85, 0xfc,
	0xa0, 0x00, 0xad, 0xc4, 0x5a, 0x91, 0xfb, 0xc8, 0x18, 0x69, 0x01, 0x91,
	0xfb, 0xc8, 0x69, 0x01, 0x91, 0xfb, 0xa0, 0x28, 0x69, 0x01, 0x91, 0xfb,
	0xc8, 0x69, 0x01, 0x91, 0xfb, 0xc8, 0x69, 0x01, 0x91, 0xfb, 0x28, 0x60,
	0xaa, 0xbc, 0xcc, 0x58, 0xbd, 0xb9, 0x58, 0xaa, 0xe8, 0xe8, 0x18, 0x4c,
	0xf0, 0xff, 0x8d, 0x17, 0xde, 0x8e, 0xc1, 0x5a, 0xad, 0x17, 0xde, 0xf0,
	0x0d, 0x20, 0xd2, 0xff, 0xce, 0xc1, 0x5a, 0xd0, 0xf3, 0xad, 0x17, 0xde,
	0xd0, 0xfb, 0x60, 0xad, 0x5c, 0x6d, 0xc9, 0x02, 0xd0, 0x01, 0x60, 0xad,
	0x5c, 0x6d, 0xd0, 0x03, 0x4c, 0xd4, 0x56, 0xad, 0x5d, 0x6d, 0xf0, 0x03,
	0x4c, 0xd4, 0x56, 0xad, 0x2a, 0x73, 0xf0, 0x03, 0x4c, 0x27, 0x71, 0xad,
	0x0d, 0xde, 0xd0, 0x03, 0x4c, 0xd4, 0x56, 0xad, 0x0c, 0xde, 0xcd, 0x0d,
	0xde, 0x90, 0x05, 0xa9, 0x00, 0x8d, 0x0c, 0xde, 0x8d, 0x0b, 0xde, 0xad,
	0x10, 0xde, 0x8d, 0xc3, 0x5a, 0x29, 0x7f, 0x8d, 0xc2, 0x5a, 0xa2, 0x13,
	0x20, 0xd5, 0x56, 0xa2, 0x14, 0x20, 0xd5, 0x56, 0xa2, 0x13, 0xa0, 0x00,
	0x18, 0x20, 0xf0, 0xff, 0xa9, 0x00, 0x8d, 0x86, 0x02, 0xa9, 0xd1, 0xa0,
	0x59, 0x20, 0x9a, 0x8e, 0xa9, 0x00, 0xa2, 0x26, 0x20, 0xe5, 0x55, 0x4c,
	0xd4, 0x56, 0xa2, 0x14, 0xa0, 0x00, 0x18, 0x20, 0xf0, 0xff, 0xa9, 0x00,
	0x8d, 0x86, 0x02, 0xa9, 0xd4, 0xa0, 0x59, 0x20, 0x9a, 0x8e, 0xad, 0xc2,
	0x5a, 0x0a, 0x0a, 0xa8, 0xc8, 0xa9, 0x03, 0x8d, 0xc1, 0x5a, 0xb9, 0xc6,
	0x93, 0x20, 0xd2, 0xff, 0xc8, 0xce, 0xc1, 0x5a, 0xd0, 0xf4, 0xad, 0xc3,
	0x5a, 0x10, 0x07, 0xa9, 0xda, 0xa0, 0x59, 0x20, 0x9a, 0x8e, 0xa9, 0xde,
	0xa0, 0x59, 0x20, 0x9a, 0x8e, 0xad, 0x0c, 0xde, 0x18, 0x69, 0x01, 0x20,
	0xcf, 0x8f, 0xa9, 0x2f, 0x20, 0xd2, 0xff, 0xad, 0x0d, 0xde, 0x20, 0xcf,
	0x8f, 0xa9, 0xe6, 0xa0, 0x59, 0x20, 0x9a, 0x8e, 0xad, 0x0e, 0xde, 0x20,
	0xcf, 0x8f, 0xa9, 0x2f, 0x20, 0xd2, 0xff, 0xad, 0x0f, 0xde, 0x20, 0xcf,
	0x8f, 0x60, 0xa0, 0x00, 0x18, 0x20, 0xf0, 0xff, 0xa9, 0x28, 0x8d, 0xc1,
	0x5a, 0xa9, 0x20, 0x20, 0xd2, 0xff, 0xce, 0xc1, 0x5a, 0xd0, 0xf6, 0x60,
	0x48, 0xad, 0x2a, 0x73, 0xf0, 0x04, 0x68, 0x4c, 0xa4, 0x70, 0x68, 0xc9,
	0x13, 0xb0, 0x2b, 0xcd, 0x0d, 0xde, 0xb0, 0x26, 0x0a, 0xaa, 0x18, 0xbd,
	0xf2, 0x58, 0x69, 0x50, 0x8d, 0x1b, 0x57, 0x8d, 0x20, 0x57, 0xbd, 0xf3,
	0x58, 0x69, 0x00, 0x8d, 0x1c, 0x57, 0x8d, 0x21, 0x57, 0xa0, 0x07, 0xb9,
	0xff, 0xff, 0x49, 0x80, 0x99, 0xff, 0xff, 0x88, 0x10, 0xf5, 0x60, 0xae,
	0xb0, 0x51, 0xf0, 0x25, 0xc9, 0x13, 0xb0, 0x21, 0xcd, 0x0d, 0xde, 0xb0,
	0x1c, 0x8d, 0xbf, 0x5a, 0xcd, 0x0c, 0xde, 0xf0, 0x0f, 0xad, 0x0c, 0xde,
	0x20, 0xeb, 0x56, 0xad, 0xbf, 0x5a, 0x8d, 0x0c, 0xde, 0x20, 0xeb, 0x56,
	0x20, 0xfe, 0x55, 0x38, 0x60, 0x18, 0x60, 0x8e, 0xc0, 0x5a, 0xe0, 0x28,
	0xb0, 0x68, 0x98, 0xc9, 0x03, 0x90, 0x63, 0xc9, 0x13, 0xb0, 0x5f, 0xc9,
	0x07, 0x90, 0x14, 0xc9, 0x0b, 0x90, 0x0c, 0xc9, 0x0f, 0x90, 0x04, 0xa9,
	0x0f, 0xd0, 0x0a, 0xa9, 0x0a, 0xd0, 0x06, 0xa9, 0x05, 0xd0, 0x02, 0xa9,
	0x00, 0x8d, 0xbe, 0x5a, 0xad, 0xc0, 0x5a, 0xc9, 0x08, 0x90, 0x1c, 0xc9,
	0x10, 0x90, 0x14, 0xc9, 0x18, 0x90, 0x0c, 0xc9, 0x20, 0x90, 0x04, 0xa9,
	0x04, 0xd0, 0x0e, 0xa9, 0x03, 0xd0, 0x0a, 0xa9, 0x02, 0xd0, 0x06, 0xa9,
	0x01, 0xd0, 0x02, 0xa9, 0x00, 0x18, 0x6d, 0xbe, 0x5a, 0xc9, 0x13, 0xb0,
	0x15, 0xae, 0x5c, 0x6d, 0xe0, 0x02, 0xd0, 0x07, 0xcd, 0x22, 0x9b, 0xb0,
	0x09, 0x38, 0x60, 0xcd, 0x0d, 0xde, 0xb0, 0x02, 0x38, 0x60, 0x18, 0x60,
	0xad, 0x0d, 0xde, 0xd0, 0x01, 0x60, 0xad, 0x0c, 0xde, 0x8d, 0xbe, 0x5a,
	0x20, 0xeb, 0x56, 0xad, 0xbe, 0x5a, 0xc9, 0x05, 0x90, 0x07, 0x38, 0xe9,
	0x05, 0x8d, 0x0c, 0xde, 0x60, 0x8d, 0xc0, 0x5a, 0x20, 0xf1, 0x4e, 0xad,
	0x0d, 0xde, 0xf0, 0x25, 0xad, 0xc0, 0x5a, 0xcd, 0x0d, 0xde, 0x90, 0x06,
	0xad, 0x0d, 0xde, 0x38, 0xe9, 0x01, 0x8d, 0xbf, 0x5a, 0x18, 0x69, 0x05,
	0xcd, 0x0d, 0xde, 0xb0, 0x06, 0x8d, 0xbf, 0x5a, 0x4c, 0xfc, 0x57, 0xad,
	0xbf, 0x5a, 0x8d, 0x0c, 0xde, 0x60, 0xad, 0x0d, 0xde, 0xd0, 0x01, 0x60,
	0xad, 0x0c, 0xde, 0x8d, 0xbe, 0x5a, 0x20, 0xeb, 0x56, 0xad, 0xbe, 0x5a,
	0x18, 0x69, 0x05, 0xcd, 0x0d, 0xde, 0xb0, 0x04, 0x8d, 0x0c, 0xde, 0x60,
	0xae, 0xbe, 0x5a, 0xbd, 0xdf, 0x58, 0x8d, 0xc0, 0x5a, 0x20, 0x20, 0x4f,
	0xad, 0x0d, 0xde, 0xf0, 0xd0, 0xad, 0xc0, 0x5a, 0xcd, 0x0d, 0xde, 0x90,
	0x06, 0xad, 0x0d, 0xde, 0x38, 0xe9, 0x01, 0x8d, 0x0c, 0xde, 0x60, 0xad,
	0x0d, 0xde, 0xd0, 0x01, 0x60, 0xad, 0x0c, 0xde, 0x8d, 0xbe, 0x5a, 0x20,
	0xeb, 0x56, 0xae, 0xbe, 0x5a, 0xbd, 0xdf, 0x58, 0xf0, 0x0a, 0xce, 0xbe,
	0x5a, 0xad, 0xbe, 0x5a, 0x8d, 0x0c, 0xde, 0x60, 0xad, 0xbe, 0x5a, 0x18,
	0x69, 0x04, 0xcd, 0x0d, 0xde, 0x90, 0x06, 0xad, 0x0d, 0xde, 0x38, 0xe9,
	0x01, 0x8d, 0x0c, 0xde, 0x60, 0xad, 0x0d, 0xde, 0xd0, 0x01, 0x60, 0xad,
	0x0c, 0xde, 0x8d, 0xbe, 0x5a, 0x20, 0xeb, 0x56, 0xae, 0xbe, 0x5a, 0xbd,
	0xdf, 0x58, 0x8d, 0xc0, 0x5a, 0xc9, 0x04, 0xf0, 0x0a, 0xe8, 0xec, 0x0d,
	0xde, 0xb0, 0x04, 0x8e, 0x0c, 0xde, 0x60, 0xad, 0xbe, 0x5a, 0x38, 0xed,
	0xc0, 0x5a, 0x8d, 0x0c, 0xde, 0x60, 0x03, 0x03, 0x03, 0x03, 0x03, 0x07,
	0x07, 0x07, 0x07, 0x07, 0x0b, 0x0b, 0x0b, 0x0b, 0x0b, 0x0f, 0x0f, 0x0f,
	0x0f, 0x00, 0x08, 0x10, 0x18, 0x20, 0x00, 0x08, 0x10, 0x18, 0x20, 0x00,
	0x08, 0x10, 0x18, 0x20, 0x00, 0x08, 0x10, 0x18, 0x00, 0x01, 0x02, 0x03,
	0x04, 0x00, 0x01, 0x02, 0x03, 0x04, 0x00, 0x01, 0x02, 0x03, 0x04, 0x00,
	0x01, 0x02, 0x03, 0x78, 0x40, 0x80, 0x40, 0x88, 0x40, 0x90, 0x40, 0x98,
	0x40, 0x18, 0x41, 0x20, 0x41, 0x28, 0x41, 0x30, 0x41, 0x38, 0x41, 0xb8,
	0x41, 0xc0, 0x41, 0xc8, 0x41, 0xd0, 0x41, 0xd8, 0x41, 0x58, 0x42, 0x60,
	0x42, 0x68, 0x42, 0x70, 0x42, 0x12, 0x20, 0xd4, 0x45, 0x45, 0x4e, 0x53,
	0x59, 0xd2, 0xcf, 0xcd, 0x20, 0xc4, 0x45, 0x53, 0x4b, 0x54, 0x4f, 0x50,
	0x20, 0x20, 0xd6, 0x20, 0xd6, 0xc9, 0xc5, 0xd7, 0x20, 0x20, 0x20, 0xc6,
	0x32, 0x20, 0xc2, 0xc1, 0xd3, 0xc9, 0xc3, 0x20, 0x20, 0x20, 0x92, 0x00,
	0xd3, 0x4f, 0x55, 0x52, 0x43, 0x45, 0x3a, 0x20, 0x00, 0xd0, 0x47, 0x20,
	0x00, 0xd0, 0x41, 0x54, 0x48, 0x3a, 0x20, 0x00, 0xc6, 0x31, 0x20, 0xd4,
	0xc5, 0xc5, 0xce, 0xd3, 0xd9, 0x20, 0x20, 0xc6, 0x33, 0x20, 0xd3, 0xc4,
	0x20, 0x20, 0xc6, 0x35, 0x20, 0xd5, 0xd3, 0xc2, 0x20, 0x20, 0xc6, 0x37,
	0x20, 0xc8, 0xc5, 0xcc, 0xd0, 0x20, 0x20, 0x20, 0x20, 0x20, 0x20, 0x20,
	0x00, 0xc3, 0xd5, 0xd2, 0xd3, 0xcf, 0xd2, 0x2f, 0xca, 0xcf, 0xd9, 0x20,
	0xcd, 0xcf, 0xd6, 0xc5, 0x20, 0x20, 0x20, 0xd2, 0xc5, 0xd4, 0xd5, 0xd2,
	0xce, 0x2f, 0xc6, 0xc9, 0xd2, 0xc5, 0x20, 0xcf, 0xd0, 0xc5, 0xce, 0x20,
	0x20, 0x20, 0x20, 0x20, 0x20, 0x00, 0x5e, 0x20, 0xd0, 0xc1, 0xd2, 0xc5,
	0xce, 0xd4, 0x20, 0x20, 0xc8, 0xcf, 0xcd, 0xc5, 0x20, 0xd4, 0xcf, 0xd0,
	0x20, 0x20, 0xc6, 0x34, 0x20, 0xcd, 0xd5, 0xd3, 0xc9, 0xc3, 0x20, 0x20,
	0xc6, 0x38, 0x20, 0xd3, 0xc5, 0xd4, 0x20, 0x20, 0x20, 0x00, 0x3e, 0x20,
	0x00, 0xd4, 0xd9, 0xd0, 0xc5, 0x20, 0x00, 0x20, 0xc9, 0xcf, 0x00, 0x20,
	0x20, 0xc9, 0xd4, 0xc5, 0xcd, 0x20, 0x00, 0x20, 0x20, 0xd0, 0xc1, 0xc7,
	0xc5, 0x20, 0x00, 0x00, 0x00, 0x0f, 0x08, 0x08, 0x3f, 0x20, 0x20, 0x00,
	0x00, 0xf0, 0x10, 0x10, 0xff, 0x00, 0x00, 0x00, 0x00, 0x00, 0x00, 0x00,
	0xfc, 0x04, 0x04, 0x20, 0x2f, 0x20, 0x20, 0x20, 0x20, 0x3f, 0x00, 0x00,
	0xff, 0x00, 0x00, 0x00, 0x00, 0xff, 0x00, 0x04, 0xf4, 0x04, 0x04, 0x04,
	0x04, 0xfc, 0x00, 0x00, 0x0f, 0x08, 0x09, 0x09, 0x09, 0x09, 0x08, 0x00,
	0xff, 0x00, 0xff, 0x01, 0x01, 0xff, 0x00, 0x00, 0xf0, 0x10, 0x90, 0x90,
	0x90, 0x90, 0x10, 0x08, 0x09, 0x09, 0x09, 0x09, 0x09, 0x0f, 0x00, 0x00,
	0xff, 0x00, 0x7e, 0x00, 0xff, 0xff, 0x00, 0x10, 0x90, 0x90, 0x90, 0x90,
	0x90, 0xf0, 0x00, 0x00, 0x07, 0x04, 0x04, 0x04, 0x04, 0x04, 0x04, 0x00,
	0xff, 0x02, 0x02, 0x02, 0x03, 0x00, 0x00, 0x00, 0xe0, 0x20, 0x20, 0x20,
	0xe0, 0x20, 0x20, 0x04, 0x04, 0x04, 0x04, 0x04, 0x04, 0x07, 0x00, 0xff,
	0x00, 0xff, 0x00, 0xfe, 0x00, 0xff, 0x00, 0x20, 0x20, 0x20, 0x20, 0x20,
	0x20, 0xe0, 0x00, 0x00, 0x00, 0x3f, 0x2a, 0x20, 0x3f, 0x20, 0x20, 0x00,
	0x00, 0xff, 0x80, 0x00, 0xff, 0x00, 0x00, 0x00, 0x00, 0xfc, 0x04, 0x04,
	0xfc, 0x04, 0x04, 0x27, 0x24, 0x24, 0x24, 0x27, 0x20, 0x3f, 0x00, 0xe7,
	0x20, 0x27, 0x20, 0xe7, 0x00, 0xff, 0x00, 0xe4, 0x04, 0xe4, 0x04, 0xc4,
	0x04, 0xfc, 0x00, 0x00, 0x10, 0x18, 0x1c, 0x1e, 0x1c, 0x18, 0x10, 0x00,
	0x36, 0x36, 0x36, 0x36, 0x36, 0x36, 0x00, 0x00, 0x00, 0x00, 0x00, 0x00,
	0x00, 0x00, 0xa9, 0x00, 0x8d, 0x5c, 0x6d, 0xa9, 0x00, 0x8d, 0x5d, 0x6d,
	0x8d, 0x5e, 0x6d, 0x8d, 0x5f, 0x6d, 0x8d, 0x60, 0x6d, 0x8d, 0x61, 0x6d,
	0x8d, 0x62, 0x6d, 0x8d, 0x6e, 0x6d, 0x8d, 0x6f, 0x6d, 0xa9, 0xff, 0x8d,
	0x6b, 0x6d, 0xa2, 0x00, 0xbd, 0x36, 0xde, 0xc9, 0x0f, 0xb0, 0x1f, 0x8d,
	0x64, 0x6d, 0x8a, 0xf0, 0x0d, 0xa8, 0x88, 0xb9, 0x37, 0x66, 0xcd, 0x64,
	0x6d, 0xf0, 0x0f, 0x98, 0xd0, 0xf4, 0xad, 0x64, 0x6d, 0x9d, 0x37, 0x66,
	0xe8, 0xe0, 0x09, 0xd0, 0xdb, 0x60, 0xa2, 0x00, 0x8a, 0x9d, 0x37, 0x66,
	0xe8, 0xe0, 0x09, 0xd0, 0xf7, 0x60, 0xa9, 0x01, 0x8d, 0x5c, 0x6d, 0xa9,
	0x00, 0x8d, 0x5d, 0x6d, 0xa9, 0x00, 0x8d, 0x62, 0x6d, 0xa9, 0xff, 0x8d,
	0x6b, 0x6d, 0x60, 0xad, 0xb0, 0x51, 0xf0, 0x13, 0xad, 0x5d, 0x6d, 0xd0,
	0x0c, 0xad, 0x5c, 0x6d, 0xc9, 0x02, 0xf0, 0x05, 0xad, 0x5c, 0x6d, 0xd0,
	0x02, 0x38, 0x60, 0x18, 0x60, 0xad, 0x5d, 0x6d, 0xc9, 0x01, 0xd0, 0x04,
	0xad, 0x5f, 0x6d, 0x60, 0xc9, 0x02, 0xd0, 0x04, 0xad, 0x61, 0x6d, 0x60,
	0xc9, 0x03, 0xf0, 0x05, 0xad, 0x5c, 0x6d, 0xd0, 0x04, 0xad, 0x60, 0x6d,
	0x60, 0xc9, 0x02, 0xd0, 0x04, 0xad, 0xc2, 0x97, 0x60, 0xad, 0x0c, 0xde,
	0x60, 0x4c, 0x16, 0x52, 0x20, 0x3c, 0x50, 0xa9, 0x0e, 0x20, 0xd2, 0xff,
	0xa9, 0x93, 0x20, 0xd2, 0xff, 0x20, 0x16, 0x52, 0xa2, 0x00, 0xbd, 0x7c,
	0x6c, 0x9d, 0xe0, 0x46, 0xe8, 0xe0, 0xe0, 0xd0, 0xf5, 0x20, 0x26, 0x5c,
	0xa9, 0x00, 0x8d, 0xbe, 0x5a, 0xad, 0xbe, 0x5a, 0x20, 0xb7, 0x5b, 0xee,
	0xbe, 0x5a, 0xad, 0xbe, 0x5a, 0xc9, 0x09, 0xd0, 0xf0, 0x20, 0xb0, 0x5c,
	0x20, 0xef, 0x5c, 0x60, 0x8d, 0xbe, 0x5a, 0x08, 0x78, 0xaa, 0xbd, 0x37,
	0x66, 0x8d, 0x64, 0x6d, 0x0a, 0xaa, 0x18, 0xbd, 0x5e, 0x66, 0x69, 0x03,
	0x85, 0xfb, 0xbd, 0x5f, 0x66, 0x69, 0x00, 0x85, 0xfc, 0xae, 0xbe, 0x5a,
	0xbd, 0xb8, 0x66, 0xa0, 0x00, 0x91, 0xfb, 0x18, 0x69, 0x01, 0xc8, 0x91,
	0xfb, 0x69, 0x01, 0xa0, 0x28, 0x91, 0xfb, 0x69, 0x01, 0xc8, 0x91, 0xfb,
	0x28, 0xae, 0x64, 0x6d, 0xbc, 0x4f, 0x66, 0xbd, 0x40, 0x66, 0xaa, 0xe8,
	0xe8, 0x18, 0x20, 0xf0, 0xff, 0xa9, 0x00, 0x8d, 0x86, 0x02, 0xad, 0xbe,
	0x5a, 0xcd, 0x60, 0x6d, 0xd0, 0x05, 0xa9, 0x12, 0x20, 0xd2, 0xff, 0xad,
	0xbe, 0x5a, 0x0a, 0xaa, 0xbd, 0xc1, 0x66, 0xbc, 0xc2, 0x66, 0x20, 0x9a,
	0x8e, 0xa9, 0x92, 0x20, 0xd2, 0xff, 0x60, 0xa2, 0x00, 0xa0, 0x00, 0x18,
	0x20, 0xf0, 0xff, 0xa9, 0x00, 0x8d, 0x86, 0x02, 0xa9, 0x52, 0xa0, 0x67,
	0x20, 0x9a, 0x8e, 0x20, 0x0a, 0x8f, 0x60, 0x20, 0x26, 0x5c, 0xa2, 0x01,
	0xa0, 0x00, 0x18, 0x20, 0xf0, 0xff, 0xa9, 0x00, 0x8d, 0x86, 0x02, 0xa9,
	0x7d, 0xa0, 0x67, 0x20, 0x9a, 0x8e, 0xad, 0x0a, 0xde, 0x0a, 0xaa, 0xbd,
	0x8a, 0x92, 0xbc, 0x8b, 0x92, 0x20, 0x9a, 0x8e, 0xa2, 0x01, 0xa0, 0x19,
	0x18, 0x20, 0xf0, 0xff, 0xa9, 0x4c, 0xa0, 0x59, 0x20, 0x9a, 0x8e, 0xad,
	0x0e, 0xde, 0x20, 0xcf, 0x8f, 0xa9, 0x2f, 0x20, 0xd2, 0xff, 0xad, 0x0f,
	0xde, 0x20, 0xcf, 0x8f, 0xa2, 0x02, 0xa0, 0x00, 0x18, 0x20, 0xf0, 0xff,
	0xa9, 0x82, 0xa0, 0x67, 0x20, 0x9a, 0x8e, 0xa9, 0x04, 0xa2, 0x23, 0x20,
	0xe5, 0x55, 0x60, 0xa2, 0x15, 0x20, 0xd5, 0x56, 0xad, 0x62, 0x6d, 0xf0,
	0x0b, 0xa2, 0x15, 0xa0, 0x00, 0x18, 0x20, 0xf0, 0xff, 0x20, 0xe1, 0x5c,
	0x60, 0xa2, 0x17, 0x20, 0xd5, 0x56, 0xa2, 0x17, 0xa0, 0x00, 0x18, 0x20,
	0xf0, 0xff, 0xad, 0x5d, 0x6d, 0xc9, 0x03, 0xd0, 0x07, 0xa9, 0x02, 0xa0,
	0x68, 0x4c, 0x9a, 0x8e, 0xad, 0x62, 0x6d, 0xf0, 0x03, 0x4c, 0xe1, 0x5c,
	0xad, 0x60, 0x6d, 0x0a, 0xaa, 0xbd, 0xd3, 0x66, 0xbc, 0xd4, 0x66, 0x4c,
	0x9a, 0x8e, 0xad, 0x62, 0x6d, 0x0a, 0xaa, 0xbd, 0xe5, 0x66, 0xbc, 0xe6,
	0x66, 0x4c, 0x9a, 0x8e, 0x60, 0xad, 0x5d, 0x6d, 0xc9, 0x01, 0xd0, 0x03,
	0x4c, 0x02, 0x5d, 0xc9, 0x02, 0xd0, 0x03, 0x4c, 0x8d, 0x5d, 0x60, 0xae,
	0x5e, 0x6d, 0xbd, 0x08, 0x67, 0x8d, 0x67, 0x6d, 0x85, 0xfb, 0xbd, 0x0d,
	0x67, 0x8d, 0x68, 0x6d, 0x85, 0xfc, 0xa9, 0x00, 0x8d, 0xbe, 0x5a, 0xae,
	0xbe, 0x5a, 0xe8, 0xac, 0x5e, 0x6d, 0xb9, 0xf9, 0x66, 0xa8, 0x18, 0x20,
	0xf0, 0xff, 0xac, 0x5e, 0x6d, 0xb9, 0xfe, 0x66, 0x8d, 0xc1, 0x5a, 0xa9,
	0x20, 0x20, 0xd2, 0xff, 0xce, 0xc1, 0x5a, 0xd0, 0xf8, 0xae, 0xbe, 0x5a,
	0xe8, 0xac, 0x5e, 0x6d, 0xb9, 0xf9, 0x66, 0xa8, 0x18, 0x20, 0xf0, 0xff,
	0xad, 0xbe, 0x5a, 0xcd, 0x5f, 0x6d, 0xd0, 0x05, 0xa9, 0x12, 0x20, 0xd2,
	0xff, 0xad, 0xbe, 0x5a, 0x0a, 0xa8, 0x08, 0x78, 0xad, 0x67, 0x6d, 0x85,
	0xfb, 0xad, 0x68, 0x6d, 0x85, 0xfc, 0xb1, 0xfb, 0x8d, 0x66, 0x6d, 0xc8,
	0xb1, 0xfb, 0x28, 0xa8, 0xad, 0x66, 0x6d, 0x20, 0x9a, 0x8e, 0xa9, 0x92,
	0x20, 0xd2, 0xff, 0xee, 0xbe, 0x5a, 0xae, 0x5e, 0x6d, 0xad, 0xbe, 0x5a,
	0xdd, 0x03, 0x67, 0xd0, 0x8e, 0x60, 0xa9, 0x00, 0x8d, 0x86, 0x02, 0xa2,
	0x03, 0x8e, 0x65, 0x6d, 0xa0, 0x02, 0x18, 0x20, 0xf0, 0xff, 0xa9, 0x24,
	0x8d, 0xc1, 0x5a, 0xa9, 0x20, 0x20, 0xd2, 0xff, 0xce, 0xc1, 0x5a, 0xd0,
	0xf8, 0xae, 0x65, 0x6d, 0xe8, 0xe0, 0x15, 0xd0, 0xe0, 0xa2, 0x03, 0xa0,
	0x02, 0x18, 0x20, 0xf0, 0xff, 0xa9, 0x31, 0xa0, 0x6b, 0x20, 0x9a, 0x8e,
	0xa9, 0x00, 0x8d, 0xbe, 0x5a, 0xae, 0xbe, 0x5a, 0x8a, 0x18, 0x69, 0x05,
	0xaa, 0xa0, 0x05, 0x18, 0x20, 0xf0, 0xff, 0xad, 0xbe, 0x5a, 0xcd, 0x61,
	0x6d, 0xd0, 0x05, 0xa9, 0x12, 0x20, 0xd2, 0xff, 0xad, 0xbe, 0x5a, 0x0a,
	0xaa, 0xbd, 0x3a, 0x67, 0xbc, 0x3b, 0x67, 0x20, 0x9a, 0x8e, 0xa9, 0x92,
	0x20, 0xd2, 0xff, 0xee, 0xbe, 0x5a, 0xad, 0xbe, 0x5a, 0xc9, 0x08, 0xd0,
	0xc8, 0xa2, 0x12, 0xa0, 0x05, 0x18, 0x20, 0xf0, 0xff, 0xa9, 0x3f, 0xa0,
	0x6c, 0x20, 0x9a, 0x8e, 0xa2, 0x13, 0xa0, 0x05, 0x18, 0x20, 0xf0, 0xff,
	0xa9, 0x59, 0xa0, 0x6c, 0x20, 0x9a, 0x8e, 0x60, 0x20, 0x8b, 0x4b, 0x60,
	0x8d, 0x63, 0x6d, 0xad, 0xb0, 0x51, 0xd0, 0x03, 0x4c, 0xb1, 0x5e, 0xad,
	0x5c, 0x6d, 0xc9, 0x02, 0xd0, 0x0b, 0xad, 0x63, 0x6d, 0x20, 0x9a, 0x96,
	0x90, 0x03, 0x4c, 0xac, 0x5e, 0xad, 0x63, 0x6d, 0xc9, 0xf2, 0x90, 0x0d,
	0xc9, 0xf7, 0xb0, 0x09, 0x38, 0xe9, 0xf2, 0x20, 0xb6, 0x5e, 0x4c, 0xac,
	0x5e, 0xad, 0x63, 0x6d, 0xc9, 0x13, 0xd0, 0x06, 0x20, 0xc1, 0x62, 0x4c,
	0xac, 0x5e, 0xad, 0x63, 0x6d, 0xc9, 0x03, 0xf0, 0x29, 0xc9, 0x83, 0xf0,
	0x25, 0xc9, 0x8c, 0xf0, 0x39, 0xc9, 0x5e, 0xd0, 0x3d, 0xad, 0x5d, 0x6d,
	0xf0, 0x38, 0xad, 0x5d, 0x6d, 0xc9, 0x03, 0xd0, 0x06, 0x20, 0x31, 0x62,
	0x4c, 0xac, 0x5e, 0xa9, 0x00, 0x8d, 0x5d, 0x6d, 0x20, 0x1f, 0x5e, 0x4c,
	0xac, 0x5e, 0xad, 0x5d, 0x6d, 0xd0, 0xe3, 0xad, 0x5c, 0x6d, 0xf0, 0x06,
	0x20, 0xc1, 0x62, 0x4c, 0xac, 0x5e, 0xa9, 0x00, 0x20, 0xb6, 0x5e, 0x4c,
	0xac, 0x5e, 0x20, 0xde, 0x5e, 0xad, 0x63, 0x6d, 0x38, 0x60, 0xad, 0x63,
	0x6d, 0x18, 0x60, 0x8d, 0x5e, 0x6d, 0xa9, 0x00, 0x8d, 0x5f, 0x6d, 0x8d,
	0x62, 0x6d, 0xa9, 0x01, 0x8d, 0x5d, 0x6d, 0x20, 0x1f, 0x5e, 0x60, 0xaa,
	0xad, 0x5d, 0x6d, 0xc9, 0x01, 0xd0, 0x08, 0xec, 0x5e, 0x6d, 0xd0, 0x03,
	0x4c, 0x55, 0x65, 0x8a, 0x4c, 0xb6, 0x5e, 0xa9, 0x02, 0x8d, 0x5d, 0x6d,
	0xa9, 0x00, 0x8d, 0x61, 0x6d, 0x8d, 0x62, 0x6d, 0x20, 0x1f, 0x5e, 0x60,
	0xad, 0xb0, 0x51, 0xd0, 0x03, 0x4c, 0xd3, 0x5f, 0xad, 0x5d, 0x6d, 0xc9,
	0x01, 0xd0, 0x03, 0x4c, 0xd5, 0x5f, 0xc9, 0x02, 0xd0, 0x03, 0x4c, 0x33,
	0x60, 0xc9, 0x03, 0xd0, 0x03, 0x4c, 0xf0, 0x61, 0xad, 0x5c, 0x6d, 0xc9,
	0x02, 0xd0, 0x05, 0x20, 0x63, 0x96, 0x38, 0x60, 0xad, 0x5c, 0x6d, 0xf0,
	0x03, 0x4c, 0xd3, 0x5f, 0x20, 0xad, 0x60, 0x38, 0x60, 0xad, 0xb0, 0x51,
	0xd0, 0x03, 0x4c, 0xd3, 0x5f, 0xad, 0x5d, 0x6d, 0xc9, 0x01, 0xd0, 0x03,
	0x4c, 0xeb, 0x5f, 0xc9, 0x02, 0xd0, 0x03, 0x4c, 0x45, 0x60, 0xc9, 0x03,
	0xd0, 0x03, 0x4c, 0xfd, 0x61, 0xad, 0x5c, 0x6d, 0xc9, 0x02, 0xd0, 0x05,
	0x20, 0x70, 0x96, 0x38, 0x60, 0xad, 0x5c, 0x6d, 0xf0, 0x03, 0x4c, 0xd3,
	0x5f, 0x20, 0xd0, 0x60, 0x38, 0x60, 0xad, 0xb0, 0x51, 0xd0, 0x03, 0x4c,
	0xd3, 0x5f, 0xad, 0x5d, 0x6d, 0xc9, 0x01, 0xd0, 0x03, 0x4c, 0x03, 0x60,
	0xc9, 0x02, 0xd0, 0x03, 0x4c, 0x33, 0x60, 0xc9, 0x03, 0xd0, 0x03, 0x4c,
	0xd6, 0x61, 0xad, 0x5c, 0x6d, 0xc9, 0x02, 0xd0, 0x05, 0x20, 0x7e, 0x96,
	0x38, 0x60, 0xad, 0x5c, 0x6d, 0xf0, 0x03, 0x4c, 0xd3, 0x5f, 0x20, 0x84,
	0x60, 0x38, 0x60, 0xad, 0xb0, 0x51, 0xd0, 0x03, 0x4c, 0xd3, 0x5f, 0xad,
	0x5d, 0x6d, 0xc9, 0x01, 0xd0, 0x03, 0x4c, 0x1a, 0x60, 0xc9, 0x02, 0xd0,
	0x03, 0x4c, 0x45, 0x60, 0xc9, 0x03, 0xd0, 0x03, 0x4c, 0xe3, 0x61, 0xad,
	0x5c, 0x6d, 0xc9, 0x02, 0xd0, 0x05, 0x20, 0x89, 0x96, 0x38, 0x60, 0xad,
	0x5c, 0x6d, 0xf0, 0x03, 0x4c, 0xd3, 0x5f, 0x20, 0x59, 0x60, 0x38, 0x60,
	0x18, 0x60, 0xad, 0x5f, 0x6d, 0xd0, 0x09, 0xae, 0x5e, 0x6d, 0xbd, 0x03,
	0x67, 0x8d, 0x5f, 0x6d, 0xce, 0x5f, 0x6d, 0x20, 0x1f, 0x5e, 0x38, 0x60,
	0xee, 0x5f, 0x6d, 0xae, 0x5e, 0x6d, 0xad, 0x5f, 0x6d, 0xdd, 0x03, 0x67,
	0x90, 0x05, 0xa9, 0x00, 0x8d, 0x5f, 0x6d, 0x20, 0x1f, 0x5e, 0x38, 0x60,
	0xad, 0x5e, 0x6d, 0xd0, 0x05, 0xa9, 0x05, 0x8d, 0x5e, 0x6d, 0xce, 0x5e,
	0x6d, 0xa9, 0x00, 0x8d, 0x5f, 0x6d, 0x20, 0x1f, 0x5e, 0x38, 0x60, 0xee,
	0x5e, 0x6d, 0xad, 0x5e, 0x6d, 0xc9, 0x05, 0x90, 0x05, 0xa9, 0x00, 0x8d,
	0x5e, 0x6d, 0xa9, 0x00, 0x8d, 0x5f, 0x6d, 0x20, 0x1f, 0x5e, 0x38, 0x60,
	0xad, 0x61, 0x6d, 0xd0, 0x05, 0xa9, 0x08, 0x8d, 0x61, 0x6d, 0xce, 0x61,
	0x6d, 0x20, 0x1f, 0x5e, 0x38, 0x60, 0xee, 0x61, 0x6d, 0xad, 0x61, 0x6d,
	0xc9, 0x08, 0x90, 0x05, 0xa9, 0x00, 0x8d, 0x61, 0x6d, 0x20, 0x1f, 0x5e,
	0x38, 0x60, 0xae, 0x60, 0x6d, 0xbd, 0x37, 0x66, 0x8d, 0x64, 0x6d, 0xa9,
	0x0f, 0x8d, 0xc1, 0x5a, 0xee, 0x64, 0x6d, 0xad, 0x64, 0x6d, 0xc9, 0x0f,
	0x90, 0x05, 0xa9, 0x00, 0x8d, 0x64, 0x6d, 0xad, 0x64, 0x6d, 0x20, 0xfe,
	0x60, 0xb0, 0x74, 0xce, 0xc1, 0x5a, 0xd0, 0xe4, 0x60, 0xae, 0x60, 0x6d,
	0xbd, 0x37, 0x66, 0x8d, 0x64, 0x6d, 0xa9, 0x0f, 0x8d, 0xc1, 0x5a, 0xad,
	0x64, 0x6d, 0xd0, 0x05, 0xa9, 0x0f, 0x8d, 0x64, 0x6d, 0xce, 0x64, 0x6d,
	0xad, 0x64, 0x6d, 0x20, 0xfe, 0x60, 0xb0, 0x4b, 0xce, 0xc1, 0x5a, 0xd0,
	0xe6, 0x60, 0xae, 0x60, 0x6d, 0xa9, 0x03, 0x8d, 0xc1, 0x5a, 0xbd, 0x37,
	0x66, 0xaa, 0xbd, 0x9a, 0x66, 0x8d, 0x64, 0x6d, 0x20, 0xfe, 0x60, 0xb0,
	0x2e, 0xce, 0xc1, 0x5a, 0xf0, 0x06, 0xad, 0x64, 0x6d, 0x4c, 0xb8, 0x60,
	0x60, 0xae, 0x60, 0x6d, 0xa9, 0x03, 0x8d, 0xc1, 0x5a, 0xbd, 0x37, 0x66,
	0xaa, 0xbd, 0xa9, 0x66, 0x8d, 0x64, 0x6d, 0x20, 0xfe, 0x60, 0xb0, 0x0b,
	0xce, 0xc1, 0x5a, 0xf0, 0xe3, 0xad, 0x64, 0x6d, 0x4c, 0xdb, 0x60, 0x8d,
	0x60, 0x6d, 0xa9, 0x00, 0x8d, 0x62, 0x6d, 0x20, 0x1f, 0x5e, 0x60, 0x8d,
	0x64, 0x6d, 0xa2, 0x00, 0xbd, 0x37, 0x66, 0xcd, 0x64, 0x6d, 0xf0, 0x07,
	0xe8, 0xe0, 0x09, 0xd0, 0xf3, 0x18, 0x60, 0x8a, 0x38, 0x60, 0x20, 0xfe,
	0x60, 0x90, 0x02, 0x18, 0x60, 0x38, 0x60, 0xad, 0xb0, 0x51, 0xf0, 0x28,
	0xad, 0x5d, 0x6d, 0xc9, 0x01, 0xf0, 0x12, 0xc9, 0x02, 0xf0, 0x13, 0xc9,
	0x03, 0xf0, 0x14, 0xad, 0x5c, 0x6d, 0xd0, 0x14, 0x20, 0x59, 0x61, 0x38,
	0x60, 0x20, 0x4d, 0x62, 0x38, 0x60, 0x20, 0x68, 0x63, 0x38, 0x60, 0x20,
	0x1d, 0x62, 0x38, 0x60, 0xad, 0x5c, 0x6d, 0xc9, 0x02, 0xd0, 0x05, 0x20,
	0xdc, 0x95, 0x38, 0x60, 0x18, 0x60, 0xad, 0x60, 0x6d, 0xf0, 0x21, 0xc9,
	0x01, 0xf0, 0x22, 0xc9, 0x02, 0xf0, 0x23, 0xc9, 0x03, 0xf0, 0x24, 0xc9,
	0x04, 0xf0, 0x25, 0xc9, 0x05, 0xf0, 0x26, 0xc9, 0x06, 0xf0, 0x27, 0xc9,
	0x07, 0xf0, 0x37, 0xa9, 0x08, 0x4c, 0xb8, 0x61, 0xa9, 0x02, 0x4c, 0xb4,
	0x61, 0xa9, 0x01, 0x4c, 0xb4, 0x61, 0xa9, 0x00, 0x4c, 0xb4, 0x61, 0xa9,
	0x08, 0x4c, 0x16, 0x94, 0xa9, 0x09, 0x4c, 0x16, 0x94, 0xa9, 0x00, 0x4c,
	0x9f, 0x61, 0xa9, 0x07, 0x8d, 0x69, 0x6d, 0xa9, 0x02, 0x20, 0x80, 0x4b,
	0xad, 0x69, 0x6d, 0x8d, 0x0c, 0xde, 0x20, 0xba, 0x4c, 0x60, 0x4c, 0xde,
	0x5e, 0x20, 0x80, 0x4b, 0x60, 0x8d, 0x62, 0x6d, 0x20, 0x1f, 0x5e, 0x60,
	0xa9, 0x00, 0x8d, 0x5c, 0x6d, 0xa9, 0x03, 0x8d, 0x5d, 0x6d, 0xae, 0x60,
	0x6d, 0xbd, 0x37, 0x66, 0x8d, 0x6a, 0x6d, 0x20, 0x1f, 0x5e, 0x60, 0xae,
	0x60, 0x6d, 0xbd, 0x37, 0x66, 0xaa, 0xbd, 0x7c, 0x66, 0x4c, 0x07, 0x62,
	0xae, 0x60, 0x6d, 0xbd, 0x37, 0x66, 0xaa, 0xbd, 0x8b, 0x66, 0x4c, 0x07,
	0x62, 0xae, 0x60, 0x6d, 0xbd, 0x37, 0x66, 0xaa, 0xbd, 0x9a, 0x66, 0x4c,
	0x07, 0x62, 0xae, 0x60, 0x6d, 0xbd, 0x37, 0x66, 0xaa, 0xbd, 0xa9, 0x66,
	0x8d, 0x64, 0x6d, 0x20, 0x15, 0x61, 0x90, 0x0c, 0xae, 0x60, 0x6d, 0xad,
	0x64, 0x6d, 0x9d, 0x37, 0x66, 0x20, 0x1f, 0x5e, 0x38, 0x60, 0xae, 0x60,
	0x6d, 0x20, 0x43, 0x62, 0xa9, 0x00, 0x8d, 0x5d, 0x6d, 0xa9, 0x09, 0x8d,
	0x62, 0x6d, 0x20, 0x1f, 0x5e, 0x60, 0xae, 0x60, 0x6d, 0xad, 0x6a, 0x6d,
	0x9d, 0x37, 0x66, 0xa9, 0x00, 0x8d, 0x5d, 0x6d, 0x20, 0x1f, 0x5e, 0x60,
	0xbd, 0x37, 0x66, 0x9d, 0x36, 0xde, 0x20, 0x0d, 0x4e, 0x60, 0xa9, 0x00,
	0x8d, 0x5d, 0x6d, 0xad, 0x5e, 0x6d, 0xf0, 0x15, 0xc9, 0x01, 0xf0, 0x36,
	0xc9, 0x02, 0xd0, 0x03, 0x4c, 0xf3, 0x62, 0xc9, 0x03, 0xd0, 0x03, 0x4c,
	0x09, 0x63, 0x4c, 0x42, 0x63, 0xad, 0x5f, 0x6d, 0xf0, 0x1b, 0xc9, 0x01,
	0xd0, 0x03, 0x4c, 0xb1, 0x61, 0xc9, 0x02, 0xd0, 0x03, 0x4c, 0x16, 0x63,
	0xa9, 0x01, 0x8d, 0x5c, 0x6d, 0xa9, 0x00, 0x8d, 0xb0, 0x51, 0x4c, 0x1f,
	0x5e, 0xa9, 0x01, 0x4c, 0xb8, 0x61, 0xad, 0x5f, 0x6d, 0xf0, 0x15, 0xc9,
	0x01, 0xf0, 0x27, 0xc9, 0x02, 0xd0, 0x03, 0x4c, 0xd9, 0x62, 0xa9, 0x01,
	0x20, 0xb4, 0x61, 0xa9, 0x07, 0x4c, 0xb8, 0x61, 0xad, 0x5c, 0x6d, 0xc9,
	0x02, 0xd0, 0x03, 0x4c, 0xdc, 0x95, 0xad, 0x5c, 0x6d, 0xd0, 0x03, 0x4c,
	0x59, 0x61, 0x20, 0xba, 0x4c, 0x60, 0xa9, 0x00, 0x8d, 0x5c, 0x6d, 0xa9,
	0x00, 0x8d, 0x5d, 0x6d, 0x8d, 0x62, 0x6d, 0x8d, 0x34, 0x8b, 0xa9, 0xff,
	0x8d, 0x6b, 0x6d, 0x4c, 0x1f, 0x5e, 0xad, 0x5c, 0x6d, 0xc9, 0x02, 0xd0,
	0x03, 0x4c, 0x1c, 0x96, 0xad, 0x5c, 0x6d, 0xf0, 0x2e, 0xa9, 0x07, 0x8d,
	0x04, 0xde, 0x20, 0x0d, 0x4e, 0x4c, 0x1f, 0x5e, 0xad, 0x5f, 0x6d, 0xf0,
	0x07, 0xc9, 0x01, 0xf0, 0x08, 0x4c, 0xbf, 0x61, 0xa9, 0x02, 0x4c, 0xb8,
	0x61, 0xa9, 0x04, 0x4c, 0xb8, 0x61, 0xad, 0x5f, 0x6d, 0xf0, 0xb3, 0xc9,
	0x01, 0xf0, 0x11, 0xc9, 0x02, 0xf0, 0x15, 0xad, 0x5c, 0x6d, 0xc9, 0x02,
	0xd0, 0x03, 0x4c, 0x31, 0x94, 0x4c, 0x1f, 0x5e, 0xa9, 0x01, 0x8d, 0xb0,
	0x51, 0x4c, 0x1f, 0x5e, 0xad, 0x5c, 0x6d, 0xc9, 0x02, 0xd0, 0x03, 0x4c,
	0x1f, 0x5e, 0xa9, 0x01, 0x8d, 0x5c, 0x6d, 0xa9, 0x00, 0x8d, 0xb0, 0x51,
	0x4c, 0x1f, 0x5e, 0xad, 0x5f, 0x6d, 0xf0, 0x12, 0xc9, 0x01, 0xf0, 0x13,
	0xc9, 0x02, 0xf0, 0x14, 0xc9, 0x03, 0xd0, 0x03, 0x4c, 0x8e, 0x61, 0x4c,
	0x93, 0x61, 0xa9, 0x02, 0x4c, 0xb4, 0x61, 0xa9, 0x01, 0x4c, 0xb4, 0x61,
	0xa9, 0x00, 0x4c, 0xb4, 0x61, 0xae, 0x61, 0x6d, 0xbd, 0x4a, 0x67, 0x09,
	0x80, 0x8d, 0x29, 0xde, 0xa2, 0x09, 0xa9, 0x01, 0x4c, 0x21, 0x4b, 0xc0,
	0x00, 0xd0, 0x03, 0x4c, 0xf6, 0x63, 0xad, 0x5d, 0x6d, 0xc9, 0x01, 0xd0,
	0x03, 0x4c, 0x4c, 0x64, 0xc9, 0x02, 0xd0, 0x03, 0x4c, 0xa7, 0x64, 0xc9,
	0x03, 0xd0, 0x03, 0x4c, 0xf3, 0x64, 0xad, 0x5c, 0x6d, 0xd0, 0x03, 0x4c,
	0x02, 0x65, 0xc9, 0x02, 0xd0, 0x03, 0x4c, 0xf6, 0x96, 0xc0, 0x01, 0xd0,
	0x0d, 0xe0, 0x03, 0xb0, 0x06, 0x20, 0xc1, 0x62, 0x4c, 0xc5, 0x88, 0x4c,
	0x22, 0x88, 0xc0, 0x02, 0xd0, 0x07, 0xe0, 0x04, 0xb0, 0x15, 0x4c, 0x78,
	0x88, 0xc0, 0x18, 0xd0, 0x03, 0x4c, 0xd9, 0x63, 0xc0, 0x03, 0x90, 0x07,
	0xc0, 0x13, 0xb0, 0x03, 0x4c, 0x8c, 0x88, 0x4c, 0xc5, 0x88, 0xa2, 0x00,
	0xad, 0x30, 0x8b, 0xdd, 0x21, 0x79, 0x90, 0x0b, 0xdd, 0x26, 0x79, 0xb0,
	0x06, 0xbd, 0x2b, 0x79, 0x4c, 0xcc, 0x88, 0xe8, 0xe0, 0x05, 0xd0, 0xe8,
	0x4c, 0xc5, 0x88, 0xe0, 0x06, 0x90, 0x1b, 0xe0, 0x0a, 0x90, 0x1c, 0xe0,
	0x0e, 0x90, 0x1c, 0xe0, 0x12, 0x90, 0x1c, 0xe0, 0x16, 0x90, 0x1c, 0xe0,
	0x1c, 0x90, 0x31, 0xe0, 0x1e, 0x90, 0x18, 0x4c, 0x3f, 0x64, 0xa9, 0x00,
	0x4c, 0x39, 0x64, 0xa9, 0x01, 0xd0, 0x1b, 0xa9, 0x02, 0xd0, 0x17, 0xa9,
	0x03, 0xd0, 0x13, 0xa9, 0x04, 0xd0, 0x0f, 0xad, 0x5d, 0x6d, 0xc9, 0x01,
	0xd0, 0x03, 0x4c, 0x55, 0x65, 0xa9, 0x8a, 0x4c, 0xcc, 0x88, 0x20, 0xca,
	0x5e, 0x4c, 0xc5, 0x88, 0xad, 0x5d, 0x6d, 0xc9, 0x01, 0xd0, 0x03, 0x4c,
	0x55, 0x65, 0x4c, 0xc5, 0x88, 0xae, 0x30, 0x8b, 0xac, 0x31, 0x8b, 0x20,
	0x63, 0x64, 0xb0, 0x03, 0x4c, 0x55, 0x65, 0x8d, 0x5f, 0x6d, 0x20, 0x4d,
	0x62, 0x4c, 0xc5, 0x88, 0x8e, 0xc0, 0x5a, 0xc0, 0x0a, 0x90, 0x31, 0x98,
	0x38, 0xe9, 0x0a, 0xa2, 0x00, 0xc9, 0x0c, 0x90, 0x05, 0xe9, 0x0c, 0xe8,
	0xd0, 0xf7, 0x8e, 0xbe, 0x5a, 0x8a, 0xae, 0x5e, 0x6d, 0xdd, 0x03, 0x67,
	0xb0, 0x16, 0xad, 0xc0, 0x5a, 0xdd, 0x9d, 0x64, 0x90, 0x0e, 0x38, 0xfd,
	0x9d, 0x64, 0xdd, 0xa2, 0x64, 0xb0, 0x05, 0xad, 0xbe, 0x5a, 0x38, 0x60,
	0x18, 0x60, 0x00, 0x18, 0x28, 0x38, 0x48, 0x3c, 0x40, 0x40, 0x38, 0x44,
	0xc0, 0x05, 0xb0, 0x03, 0x4c, 0x55, 0x65, 0xc0, 0x0d, 0x90, 0x03, 0x4c,
	0x55, 0x65, 0xe0, 0x03, 0xb0, 0x03, 0x4c, 0x55, 0x65, 0xe0, 0x20, 0x90,
	0x03, 0x4c, 0x55, 0x65, 0x98, 0x38, 0xe9, 0x05, 0x8d, 0x36, 0x8b, 0xad,
	0x34, 0x8b, 0xf0, 0x11, 0xad, 0x35, 0x8b, 0xcd, 0x36, 0x8b, 0xd0, 0x09,
	0xa9, 0x00, 0x8d, 0x34, 0x8b, 0xa9, 0x0d, 0x38, 0x60, 0xad, 0x36, 0x8b,
	0x8d, 0x61, 0x6d, 0x8d, 0x35, 0x8b, 0xa9, 0x01, 0x8d, 0x34, 0x8b, 0x20,
	0x1f, 0x5e, 0x18, 0x60, 0x20, 0x60, 0x65, 0xb0, 0x03, 0x4c, 0xc5, 0x88,
	0x20, 0x07, 0x62, 0xa9, 0x0d, 0x38, 0x60, 0x20, 0xa1, 0x65, 0xb0, 0x03,
	0x4c, 0xc5, 0x88, 0x8d, 0x36, 0x8b, 0x8d, 0x6b, 0x6d, 0xaa, 0xbd, 0x37,
	0x66, 0x8d, 0x6c, 0x6d, 0x8d, 0x6d, 0x6d, 0xa9, 0x00, 0x8d, 0x6e, 0x6d,
	0xad, 0x34, 0x8b, 0xf0, 0x19, 0xad, 0x35, 0x8b, 0xcd, 0x36, 0x8b, 0xd0,
	0x11, 0xad, 0x60, 0x6d, 0xcd, 0x36, 0x8b, 0xd0, 0x09, 0xa9, 0x00, 0x8d,
	0x34, 0x8b, 0xa9, 0x0d, 0x38, 0x60, 0xad, 0x36, 0x8b, 0x8d, 0x60, 0x6d,
	0x8d, 0x35, 0x8b, 0xa9, 0x01, 0x8d, 0x34, 0x8b, 0xa9, 0x00, 0x8d, 0x62,
	0x6d, 0x20, 0x1f, 0x5e, 0x18, 0x60, 0xa9, 0x00, 0x8d, 0x5d, 0x6d, 0x20,
	0x1f, 0x5e, 0x4c, 0xc5, 0x88, 0xad, 0x30, 0x8b, 0xc9, 0x96, 0xb0, 0x38,
	0xa2, 0x00, 0xc9, 0x1e, 0x90, 0x06, 0x38, 0xe9, 0x1e, 0xe8, 0xd0, 0xf6,
	0x8e, 0xc0, 0x5a, 0xad, 0x31, 0x8b, 0xc9, 0x14, 0x90, 0x22, 0xc9, 0xb0,
	0xb0, 0x1e, 0xc9, 0x4a, 0x90, 0x0c, 0xc9, 0x80, 0x90, 0x04, 0xa9, 0x0a,
	0xd0, 0x06, 0xa9, 0x05, 0xd0, 0x02, 0xa9, 0x00, 0x8d, 0x64, 0x6d, 0xad,
	0xc0, 0x5a, 0x18, 0x6d, 0x64, 0x6d, 0x38, 0x60, 0x18, 0x60, 0x4c, 0x6d,
	0x7e, 0xad, 0x2f, 0x8b, 0xf0, 0x4f, 0xa9, 0x01, 0x8d, 0x6f, 0x6d, 0xad,
	0x6b, 0x6d, 0xc9, 0xff, 0xf0, 0x42, 0xad, 0xb0, 0x51, 0xf0, 0x3d, 0xad,
	0x5c, 0x6d, 0xd0, 0x38, 0xad, 0x5d, 0x6d, 0xd0, 0x33, 0xad, 0x30, 0x8b,
	0x4a, 0x4a, 0xaa, 0xad, 0x31, 0x8b, 0x4a, 0x4a, 0x4a, 0xa8, 0x20, 0x60,
	0x65, 0x90, 0x21, 0x8d, 0x64, 0x6d, 0xcd, 0x6d, 0x6d, 0xf0, 0x19, 0x20,
	0x15, 0x61, 0x90, 0x14, 0xae, 0x6b, 0x6d, 0xad, 0x64, 0x6d, 0x9d, 0x37,
	0x66, 0x8d, 0x6d, 0x6d, 0xa9, 0x01, 0x8d, 0x6e, 0x6d, 0x20, 0x1f, 0x5e,
	0x60, 0xad, 0x6f, 0x6d, 0xf0, 0xfa, 0xa9, 0x00, 0x8d, 0x6f, 0x6d, 0xad,
	0x6b, 0x6d, 0xc9, 0xff, 0xf0, 0xee, 0xad, 0x6e, 0x6d, 0xf0, 0x1e, 0xae,
	0x6b, 0x6d, 0x20, 0x43, 0x62, 0xa9, 0x09, 0x8d, 0x62, 0x6d, 0xa9, 0x00,
	0x8d, 0x34, 0x8b, 0xa9, 0xff, 0x8d, 0x6b, 0x6d, 0xa9, 0x00, 0x8d, 0x6e,
	0x6d, 0x20, 0x1f, 0x5e, 0x60, 0xa9, 0xff, 0x8d, 0x6b, 0x6d, 0xa9, 0x00,
	0x8d, 0x6e, 0x6d, 0x60, 0x00, 0x01, 0x02, 0x03, 0x04, 0x05, 0x06, 0x08,
	0x09, 0x03, 0x03, 0x03, 0x03, 0x03, 0x09, 0x09, 0x09, 0x09, 0x09, 0x0f,
	0x0f, 0x0f, 0x0f, 0x0f, 0x00, 0x08, 0x10, 0x18, 0x20, 0x00, 0x08, 0x10,
	0x18, 0x20, 0x00, 0x08, 0x10, 0x18, 0x20, 0x78, 0x40, 0x80, 0x40, 0x88,
	0x40, 0x90, 0x40, 0x98, 0x40, 0x68, 0x41, 0x70, 0x41, 0x78, 0x41, 0x80,
	0x41, 0x88, 0x41, 0x58, 0x42, 0x60, 0x42, 0x68, 0x42, 0x70, 0x42, 0x78,
	0x42, 0x04, 0x00, 0x01, 0x02, 0x03, 0x09, 0x05, 0x06, 0x07, 0x08, 0x0e,
	0x0a, 0x0b, 0x0c, 0x0d, 0x01, 0x02, 0x03, 0x04, 0x00, 0x06, 0x07, 0x08,
	0x09, 0x05, 0x0b, 0x0c, 0x0d, 0x0e, 0x0a, 0x0a, 0x0b, 0x0c, 0x0d, 0x0e,
	0x00, 0x01, 0x02, 0x03, 0x04, 0x05, 0x06, 0x07, 0x08, 0x09, 0x05, 0x06,
	0x07, 0x08, 0x09, 0x0a, 0x0b, 0x0c, 0x0d, 0x0e, 0x00, 0x01, 0x02, 0x03,
	0x04, 0x5c, 0x60, 0x64, 0x68, 0x68, 0x6c, 0x6c, 0x70, 0x74, 0x2b, 0x68,
	0x34, 0x68, 0x3d, 0x68, 0x46, 0x68, 0x4f, 0x68, 0x58, 0x68, 0x61, 0x68,
	0x6a, 0x68, 0x73, 0x68, 0x7c, 0x68, 0x92, 0x68, 0xa7, 0x68, 0xc0, 0x68,
	0xde, 0x68, 0xfc, 0x68, 0x09, 0x69, 0x1a, 0x69, 0x28, 0x69, 0x48, 0x69,
	0x4e, 0x69, 0x6a, 0x69, 0x8c, 0x69, 0xad, 0x69, 0xd0, 0x69, 0xf4, 0x69,
	0x18, 0x6a, 0x3e, 0x6a, 0x66, 0x6a, 0x03, 0x08, 0x0d, 0x12, 0x17, 0x12,
	0x14, 0x14, 0x12, 0x11, 0x04, 0x04, 0x03, 0x04, 0x05, 0x12, 0x1a, 0x22,
	0x28, 0x30, 0x67, 0x67, 0x67, 0x67, 0x67, 0x7d, 0x6a, 0x8d, 0x6a, 0x9b,
	0x6a, 0xa3, 0x6a, 0xb0, 0x6a, 0xb5, 0x6a, 0xbd, 0x6a, 0xcb, 0x6a, 0xdb,
	0x6a, 0xe0, 0x6a, 0xe6, 0x6a, 0xb5, 0x6a, 0xf4, 0x6a, 0xfa, 0x6a, 0x9b,
	0x6a, 0xff, 0x6a, 0x0d, 0x6b, 0x15, 0x6b, 0x21, 0x6b, 0x29, 0x6b, 0x58,
	0x6b, 0x70, 0x6b, 0x91, 0x6b, 0xaf, 0x6b, 0xcb, 0x6b, 0xe5, 0x6b, 0x04,
	0x6c, 0x21, 0x6c, 0x03, 0x01, 0x02, 0x01, 0x05, 0x04, 0x06, 0x00, 0x12,
	0xd4, 0xd2, 0x20, 0xc4, 0xc5, 0xd3, 0xcb, 0x20, 0xc6, 0xc9, 0xcc, 0xc5,
	0x20, 0xc5, 0xc4, 0xc9, 0xd4, 0x20, 0xd6, 0xc9, 0xc5, 0xd7, 0x20, 0xc4,
	0xc9, 0xd3, 0xcb, 0x20, 0x20, 0x20, 0x20, 0x20, 0x20, 0x20, 0x20, 0x20,
	0x20, 0x20, 0x20, 0x20, 0x92, 0x00, 0x5b, 0xd8, 0x5d, 0x20, 0x00, 0x5b,
	0xd5, 0xd0, 0x5d, 0x20, 0x00, 0xc6, 0x31, 0x20, 0xd4, 0xc5, 0xc5, 0xce,
	0xd3, 0xd9, 0x20, 0x20, 0xc6, 0x33, 0x20, 0xd3, 0xc4, 0x20, 0x20, 0xc6,
	0x35, 0x20, 0xd5, 0xd3, 0xc2, 0x20, 0x20, 0xc6, 0x37, 0x20, 0xc8, 0xc5,
	0xcc, 0xd0, 0x20, 0x20, 0x20, 0x20, 0x20, 0x20, 0x20, 0x00, 0x5b, 0xc4,
	0xc5, 0xd3, 0xcb, 0xd4, 0xcf, 0xd0, 0x5d, 0x20, 0x20, 0x20, 0x5b, 0x5e,
	0x20, 0xd0, 0xc1, 0xd2, 0xc5, 0xce, 0xd4, 0x5d, 0x20, 0x20, 0x20, 0x20,
	0x5b, 0xcf, 0xd0, 0xc5, 0xce, 0x5d, 0x20, 0x20, 0x20, 0x20, 0x20, 0x20,
	0x20, 0x20, 0x00, 0x5e, 0x20, 0xd0, 0xc1, 0xd2, 0xc5, 0xce, 0xd4, 0x20,
	0xc8, 0xcf, 0xcd, 0xc5, 0x20, 0xc4, 0xc5, 0xd3, 0xcb, 0x20, 0x20, 0xc6,
	0x34, 0x20, 0xcd, 0xd5, 0xd3, 0xc9, 0xc3, 0x20, 0x20, 0xc6, 0x38, 0x20,
	0xd0, 0xc1, 0xce, 0xc5, 0xcc, 0x20, 0x00, 0xc1, 0xd2, 0xd2, 0xc1, 0xce,
	0xc7, 0xc5, 0x3a, 0x20, 0xcd, 0xcf, 0xd6, 0xc5, 0x20, 0x20, 0xd2, 0xc5,
	0xd4, 0xd5, 0xd2, 0xce, 0x20, 0xc4, 0xd2, 0xcf, 0xd0, 0x20, 0x20, 0xd3,
	0xd4, 0xcf, 0xd0, 0x20, 0xc3, 0xc1, 0xce, 0xc3, 0xc5, 0xcc, 0x20, 0x00,
	0x20, 0xd4, 0xc5, 0xc5, 0xce, 0xd3, 0xd9, 0x20, 0x00, 0xd3, 0xc4, 0x20,
	0xc3, 0xc1, 0xd2, 0xc4, 0x20, 0x00, 0x20, 0x20, 0xd5, 0xd3, 0xc2, 0x20,
	0x20, 0x20, 0x00, 0xc4, 0xd2, 0xc9, 0xd6, 0xc5, 0x20, 0x38, 0x20, 0x00,
	0xc4, 0xd2, 0xc9, 0xd6, 0xc5, 0x20, 0x39, 0x20, 0x00, 0x20, 0xc7, 0xc1,
	0xcd, 0xc5, 0xd3, 0x20, 0x20, 0x00, 0x20, 0xd5, 0xd4, 0xc9, 0xcc, 0xd3,
	0x20, 0x20, 0x00, 0xc3, 0xcf, 0xce, 0xd4, 0xd2, 0xcf, 0xcc, 0x20, 0x00,
	0x20, 0xd4, 0xd2, 0xc1, 0xd3, 0xc8, 0x20, 0x20, 0x00, 0xd4, 0xc5, 0xc5,
	0xce, 0xd3, 0xd9, 0x20, 0xcd, 0xc5, 0xcd, 0xcf, 0xd2, 0xd9, 0x20, 0x2d,
	0x20, 0xd2, 0xc5, 0xc1, 0xc4, 0xd9, 0x00, 0xd3, 0xc4, 0x20, 0xc3, 0xc1,
	0xd2, 0xc4, 0x20, 0x2d, 0x20, 0xcf, 0xd0, 0xc5, 0xce, 0x20, 0xc6, 0xc9,
	0xcc, 0xc5, 0xd3, 0x00, 0xd5, 0xd3, 0xc2, 0x20, 0xd3, 0xd4, 0xcf, 0xd2,
	0xc1, 0xc7, 0xc5, 0x20, 0x2d, 0x20, 0xcf, 0xd0, 0xc5, 0xce, 0x20, 0xc6,
	0xc9, 0xcc, 0xc5, 0xd3, 0x00, 0xc4, 0xd2, 0xc9, 0xd6, 0xc5, 0x20, 0x38,
	0x20, 0x2d, 0x20, 0xcf, 0xd0, 0xc5, 0xce, 0x20, 0xc4, 0xc9, 0xd3, 0xcb,
	0x20, 0xc4, 0xc9, 0xd2, 0xc5, 0xc3, 0xd4, 0xcf, 0xd2, 0xd9, 0x00, 0xc4,
	0xd2, 0xc9, 0xd6, 0xc5, 0x20, 0x39, 0x20, 0x2d, 0x20, 0xcf, 0xd0, 0xc5,
	0xce, 0x20, 0xc4, 0xc9, 0xd3, 0xcb, 0x20, 0xc4, 0xc9, 0xd2, 0xc5, 0xc3,
	0xd4, 0xcf, 0xd2, 0xd9, 0x00, 0xc7, 0xc1, 0xcd, 0xc5, 0xd3, 0x20, 0xc6,
	0xcf, 0xcc, 0xc4, 0xc5, 0xd2, 0x00, 0xd5, 0xd4, 0xc9, 0xcc, 0xc9, 0xd4,
	0xc9, 0xc5, 0xd3, 0x20, 0xc6, 0xcf, 0xcc, 0xc4, 0xc5, 0xd2, 0x00, 0xc3,
	0xcf, 0xce, 0xd4, 0xd2, 0xcf, 0xcc, 0x20, 0xd0, 0xc1, 0xce, 0xc5, 0xcc,
	0x00, 0xd4, 0xd2, 0xc1, 0xd3, 0xc8, 0x20, 0x2d, 0x20, 0xc6, 0xc9, 0xcc,
	0xc5, 0x20, 0xc4, 0xc5, 0xcc, 0xc5, 0xd4, 0xc5, 0x20, 0xce, 0xcf, 0xd4,
	0x20, 0xc5, 0xce, 0xc1, 0xc2, 0xcc, 0xc5, 0xc4, 0x00, 0xd2, 0xc5, 0xc1,
	0xc4, 0xd9, 0x00, 0xd4, 0xc5, 0xc5, 0xce, 0xd3, 0xd9, 0xd2, 0xcf, 0xcd,
	0x20, 0xc4, 0xc5, 0xd3, 0xcb, 0x20, 0x2d, 0x20, 0xc3, 0xd5, 0xd3, 0xd4,
	0xcf, 0xcd, 0x20, 0xc7, 0xd5, 0xc9, 0x00, 0xc3, 0xcf, 0xd0, 0xd9, 0x20,
	0xce, 0xc5, 0xc5, 0xc4, 0xd3, 0x20, 0xd3, 0xc1, 0xc6, 0xc5, 0x20, 0xc6,
	0xc9, 0xcc, 0xc5, 0x2d, 0xcf, 0xd0, 0xd3, 0x20, 0xc6, 0xc9, 0xd2, 0xcd,
	0xd7, 0xc1, 0xd2, 0xc5, 0x00, 0xc3, 0xd5, 0xd4, 0x20, 0xce, 0xc5, 0xc5,
	0xc4, 0xd3, 0x20, 0xd3, 0xc1, 0xc6, 0xc5, 0x20, 0xc6, 0xc9, 0xcc, 0xc5,
	0x2d, 0xcf, 0xd0, 0xd3, 0x20, 0xc6, 0xc9, 0xd2, 0xcd, 0xd7, 0xc1, 0xd2,
	0xc5, 0x00, 0xd0, 0xc1, 0xd3, 0xd4, 0xc5, 0x20, 0xce, 0xc5, 0xc5, 0xc4,
	0xd3, 0x20, 0xd3, 0xc1, 0xc6, 0xc5, 0x20, 0xc6, 0xc9, 0xcc, 0xc5, 0x2d,
	0xcf, 0xd0, 0xd3, 0x20, 0xc6, 0xc9, 0xd2, 0xcd, 0xd7, 0xc1, 0xd2, 0xc5,
	0x00, 0xc4, 0xd2, 0xc9, 0xd6, 0xc5, 0x20, 0x38, 0x3a, 0x20, 0xc9, 0xc5,
	0xc3, 0x20, 0xc2, 0xd2, 0xcf, 0xd7, 0xd3, 0xc9, 0xce, 0xc7, 0x20, 0xce,
	0xcf, 0xd4, 0x20, 0xc1, 0xd6, 0xc1, 0xc9, 0xcc, 0xc1, 0xc2, 0xcc, 0xc5,
	0x00, 0xc4, 0xd2, 0xc9, 0xd6, 0xc5, 0x20, 0x39, 0x3a, 0x20, 0xce, 0xcf,
	0xd4, 0x20, 0xd3, 0xd5, 0xd0, 0xd0, 0xcf, 0xd2, 0xd4, 0xc5, 0xc4, 0x20,
	0xc2, 0xd9, 0x20, 0xd4, 0xc8, 0xc9, 0xd3, 0x20, 0xc4, 0xc5, 0xd3, 0xcb,
	0x00, 0xcf, 0xd0, 0xc5, 0xce, 0x20, 0x2e, 0xc8, 0xc5, 0xd8, 0x3b, 0x20,
	0xc6, 0x35, 0x20, 0xd5, 0xd3, 0xc2, 0x3b, 0x20, 0xc3, 0xcf, 0xce, 0xc6,
	0xc9, 0xd2, 0xcd, 0x20, 0xd5, 0xd0, 0xc4, 0xc1, 0xd4, 0xc5, 0x20, 0xd9,
	0x2f, 0xce, 0x00, 0xd4, 0xd2, 0xc1, 0xd3, 0xc8, 0x20, 0xc4, 0xc9, 0xd3,
	0xc1, 0xc2, 0xcc, 0xc5, 0xc4, 0x20, 0xd5, 0xce, 0xd4, 0xc9, 0xcc, 0x20,
	0xd3, 0xc1, 0xc6, 0xc5, 0x20, 0xc4, 0xc5, 0xcc, 0xc5, 0xd4, 0xc5, 0x20,
	0xc5, 0xd8, 0xc9, 0xd3, 0xd4, 0xd3, 0x00, 0xc4, 0xc5, 0xd3, 0xcb, 0xd4,
	0xcf, 0xd0, 0x20, 0xd0, 0xcf, 0xd3, 0xc9, 0xd4, 0xc9, 0xcf, 0xce, 0x20,
	0xd3, 0xc1, 0xd6, 0xc5, 0xc4, 0x00, 0xc1, 0xc2, 0xcf, 0xd5, 0xd4, 0x20,
	0xd4, 0xc5, 0xc5, 0xce, 0xd3, 0xd9, 0xd2, 0xcf, 0xcd, 0x00, 0xc3, 0xcf,
	0xce, 0xd4, 0xd2, 0xcf, 0xcc, 0x20, 0xd0, 0xc1, 0xce, 0xc5, 0xcc, 0x00,
	0xd2, 0xc5, 0xc6, 0xd2, 0xc5, 0xd3, 0xc8, 0x00, 0xc3, 0xcc, 0xc1, 0xd3,
	0xd3, 0xc9, 0xc3, 0x20, 0xcd, 0xc5, 0xce, 0xd5, 0x00, 0xcf, 0xd0, 0xc5,
	0xce, 0x00, 0xc4, 0xc5, 0xd3, 0xcb, 0xd4, 0xcf, 0xd0, 0x00, 0xd0, 0xc1,
	0xd2, 0xc5, 0xce, 0xd4, 0x20, 0xc6, 0xcf, 0xcc, 0xc4, 0xc5, 0xd2, 0x00,
	0xc6, 0xc9, 0xd2, 0xcd, 0xd7, 0xc1, 0xd2, 0xc5, 0x20, 0xd5, 0xd0, 0xc4,
	0xc1, 0xd4, 0xc5, 0x00, 0xc3, 0xcf, 0xd0, 0xd9, 0x00, 0xd0, 0xc1, 0xd3,
	0xd4, 0xc5, 0x00, 0xc1, 0xd2, 0xd2, 0xc1, 0xce, 0xc7, 0xc5, 0x20, 0xc9,
	0xc3, 0xcf, 0xce, 0xd3, 0x00, 0xc9, 0xc3, 0xcf, 0xce, 0xd3, 0x00, 0xcc,
	0xc9, 0xd3, 0xd4, 0x00, 0xd4, 0xc5, 0xc5, 0xce, 0xd3, 0xd9, 0x20, 0xcd,
	0xc5, 0xcd, 0xcf, 0xd2, 0xd9, 0x00, 0xd3, 0xc4, 0x20, 0xc3, 0xc1, 0xd2,
	0xc4, 0x00, 0xd5, 0xd3, 0xc2, 0x20, 0xd3, 0xd4, 0xcf, 0xd2, 0xc1, 0xc7,
	0xc5, 0x00, 0xc4, 0xd2, 0xc9, 0xd6, 0xc5, 0x20, 0x38, 0x00, 0xc4, 0xd2,
	0xc9, 0xd6, 0xc5, 0x20, 0x39, 0x00, 0x2b, 0x2d, 0x2d, 0x2d, 0x2d, 0x2d,
	0x2d, 0x2d, 0x2d, 0x2d, 0x2d, 0x20, 0xc3, 0xcf, 0xce, 0xd4, 0xd2, 0xcf,
	0xcc, 0x20, 0xd0, 0xc1, 0xce, 0xc5, 0xcc, 0x20, 0x2d, 0x2d, 0x2d, 0x2d,
	0x2d, 0x2d, 0x2d, 0x2d, 0x2d, 0x2d, 0x2d, 0x2b, 0x00, 0xc1, 0xd0, 0xd0,
	0xc5, 0xc1, 0xd2, 0xc1, 0xce, 0xc3, 0xc5, 0x20, 0x20, 0x20, 0x20, 0x20,
	0x20, 0x20, 0xc3, 0xcf, 0xcc, 0xcf, 0xd2, 0xd3, 0x00, 0xc9, 0xce, 0xd0,
	0xd5, 0xd4, 0x20, 0x20, 0x20, 0x20, 0x20, 0x20, 0x20, 0x20, 0x20, 0x20,
	0x20, 0x20, 0xc7, 0xc5, 0xce, 0xc5, 0xd2, 0xc1, 0xcc, 0x2f, 0xc8, 0xcf,
	0xd4, 0xcb, 0xc5, 0xd9, 0xd3, 0x00, 0xd3, 0xd4, 0xc1, 0xd2, 0xd4, 0xd5,
	0xd0, 0x20, 0x20, 0x20, 0x20, 0x20, 0x20, 0x20, 0x20, 0x20, 0x20, 0xc2,
	0xcf, 0xcf, 0xd4, 0x20, 0xcf, 0xd0, 0xd4, 0xc9, 0xcf, 0xce, 0xd3, 0x00,
	0xd3, 0xd4, 0xcf, 0xd2, 0xc1, 0xc7, 0xc5, 0x20, 0x20, 0x20, 0x20, 0x20,
	0x20, 0x20, 0x20, 0x20, 0x20, 0xcb, 0xc5, 0xd2, 0xce, 0xc1, 0xcc, 0x2f,
	0xd2, 0xc5, 0xd5, 0x00, 0xc3, 0xcc, 0xcf, 0xc3, 0xcb, 0x20, 0x20, 0x20,
	0x20, 0x20, 0x20, 0x20, 0x20, 0x20, 0x20, 0x20, 0x20, 0xd4, 0xc9, 0xcd,
	0xc5, 0x2f, 0xd2, 0xd4, 0xc3, 0x00, 0xcd, 0xc9, 0xc4, 0xc9, 0x2f, 0xce,
	0xc5, 0xd4, 0xd7, 0xcf, 0xd2, 0xcb, 0x20, 0x20, 0x20, 0x20, 0x20, 0xcd,
	0xc9, 0xc4, 0xc9, 0x20, 0xd3, 0xc5, 0xd4, 0xd4, 0xc9, 0xce, 0xc7, 0xd3,
	0x00, 0xd3, 0xd9, 0xd3, 0xd4, 0xc5, 0xcd, 0x20, 0x20, 0x20, 0x20, 0x20,
	0x20, 0x20, 0x20, 0x20, 0x20, 0x20, 0xc9, 0xce, 0xc6, 0xcf, 0xd2, 0xcd,
	0xc1, 0xd4, 0xc9, 0xcf, 0xce, 0x00, 0xc1, 0xc4, 0xd6, 0xc1, 0xce, 0xc3,
	0xc5, 0xc4, 0x2e, 0x2e, 0x2e, 0x20, 0x20, 0x20, 0x20, 0x20, 0x20, 0xc1,
	0xcc, 0xcc, 0x20, 0xd3, 0xc5, 0xd4, 0xd4, 0xc9, 0xce, 0xc7, 0xd3, 0x00,
	0xd2, 0xc5, 0xd4, 0xd5, 0xd2, 0xce, 0x2f, 0xc6, 0xc9, 0xd2, 0xc5, 0x20,
	0xcf, 0xd0, 0xc5, 0xce, 0x20, 0xc3, 0xc1, 0xd4, 0xc5, 0xc7, 0xcf, 0xd2,
	0xd9, 0x00, 0xd3, 0xd4, 0xcf, 0xd0, 0x2f, 0x5e, 0x20, 0xc3, 0xcc, 0xcf,
	0xd3, 0xc5, 0x20, 0x20, 0x20, 0xc6, 0xc9, 0xd2, 0xcd, 0xd7, 0xc1, 0xd2,
	0xc5, 0x3a, 0x20, 0xc6, 0xc9, 0xcc, 0xc5, 0x20, 0xcd, 0xc5, 0xce, 0xd5,
	0x00, 0x18, 0x7e, 0xc3, 0xbd, 0xa5, 0xbd, 0xc3, 0x7e, 0x18, 0x7e, 0xc3,
	0xbd, 0xa5, 0xbd, 0xc3, 0x7e, 0x7e, 0xc3, 0xbd, 0xa5, 0xbd, 0xc3, 0x7e,
	0x18, 0x7e, 0xc3, 0xbd, 0xa5, 0xbd, 0xc3, 0x7e, 0x18, 0x3f, 0x60, 0xc0,
	0xcf, 0xc8, 0xcb, 0xca, 0xcb, 0xf0, 0x18, 0x0c, 0xfc, 0x04, 0xd4, 0x54,
	0xd4, 0xca, 0xcb, 0xc8, 0xcf, 0xc0, 0xc0, 0x7f, 0x3f, 0x54, 0xd4, 0x04,
	0xfc, 0x0c, 0x0c, 0xf8, 0xf0, 0x18, 0x18, 0x18, 0x18, 0x18, 0x18, 0x3c,
	0x7e, 0x18, 0x3c, 0x5a, 0x18, 0x18, 0x18, 0x3c, 0x7e, 0x7e, 0x7e, 0x3c,
	0x18, 0x18, 0x18, 0x18, 0x18, 0x7e, 0x7e, 0x3c, 0x18, 0x18, 0x18, 0x18,
	0x18, 0xff, 0x80, 0xbf, 0xa0, 0xa0, 0xbf, 0x80, 0x9f, 0xff, 0x01, 0xfd,
	0x05, 0x05, 0xfd, 0x01, 0xf9, 0x90, 0x97, 0x90, 0x9f, 0x80, 0xff, 0x7e,
	0x00, 0x09, 0xe9, 0x09, 0xf9, 0x01, 0xff, 0x7e, 0x00, 0x00, 0x3f, 0x60,
	0xc0, 0xc0, 0xc0, 0xc0, 0xc0, 0x00, 0xf0, 0x18, 0x0c, 0xff, 0x03, 0x03,
	0x03, 0xc0, 0xc0, 0xc0, 0xc0, 0xc0, 0x7f, 0x3f, 0x00, 0x03, 0x03, 0x03,
	0x03, 0x03, 0xfe, 0xfc, 0x00, 0xff, 0x80, 0xbf, 0x88, 0xbf, 0x82, 0xbf,
	0x80, 0xff, 0x01, 0xfd, 0x11, 0xfd, 0x41, 0xfd, 0x01, 0xbf, 0x90, 0xbf,
	0x84, 0xbf, 0x80, 0xff, 0x00, 0xfd, 0x09, 0xfd, 0x21, 0xfd, 0x01, 0xff,
	0x00, 0x18, 0x3c, 0x7e, 0xff, 0xdb, 0xdb, 0xdb, 0xdb, 0x18, 0x3c, 0x7e,
	0xff, 0xdb, 0xdb, 0xdb, 0xdb, 0xdb, 0xdb, 0xdb, 0xdb, 0xc3, 0x7e, 0x3c,
	0x00, 0xdb, 0xdb, 0xdb, 0xdb, 0xc3, 0x7e, 0x3c, 0x00, 0x00, 0x00, 0x00,
	0x00, 0x00, 0x00, 0x00, 0x00, 0x00, 0x00, 0x00, 0x00, 0x00, 0x00, 0x00,
	0xff, 0x00, 0x00, 0x00, 0x00, 0x20, 0x3c, 0x73, 0xad, 0x02, 0xdd, 0x09,
	0x03, 0x8d, 0x02, 0xdd, 0xad, 0x00, 0xdd, 0x09, 0x03, 0x8d, 0x00, 0xdd,
	0xa9, 0x00, 0x8d, 0x2a, 0x73, 0x8d, 0x2c, 0x73, 0xad, 0x5c, 0x6d, 0xd0,
	0x03, 0x4c, 0x11, 0x6e, 0xae, 0x2c, 0x73, 0xbd, 0xf8, 0x72, 0x8d, 0xb4,
	0x6d, 0x8d, 0xfb, 0x6d, 0xbd, 0x11, 0x73, 0x8d, 0xfc, 0x6d, 0x18, 0x69,
	0x3c, 0x8d, 0xb5, 0x6d, 0xa9, 0x00, 0x8d, 0x2d, 0x73, 0xae, 0x2d, 0x73,
	0xbd, 0xff, 0xff, 0x8d, 0x2e, 0x73, 0x29, 0x7f, 0x8d, 0x2f, 0x73, 0x08,
	0x78, 0x20, 0x4c, 0x6e, 0x20, 0x6d, 0x6e, 0xa5, 0xfe, 0x18, 0x69, 0x80,
	0x85, 0xfe, 0xa0, 0x00, 0xb1, 0xfb, 0xd1, 0xfd, 0xf0, 0x02, 0x91, 0xfd,
	0xc8, 0xc0, 0x08, 0xd0, 0xf3, 0x28, 0xad, 0x2e, 0x73, 0x30, 0x0f, 0xad,
	0x2f, 0x73, 0xc9, 0x5c, 0x90, 0x0c, 0xc9, 0x78, 0xb0, 0x08, 0xa9, 0x61,
	0xd0, 0x06, 0xa9, 0x16, 0xd0, 0x02, 0xa9, 0x01, 0xae, 0x2d, 0x73, 0x9d,
	0xff, 0xff, 0xee, 0x2d, 0x73, 0xad, 0x2d, 0x73, 0xc9, 0x28, 0xd0, 0xa9,
	0xee, 0x2c, 0x73, 0xad, 0x2c, 0x73, 0xc9, 0x19, 0xd0, 0x82, 0x20, 0x9b,
	0x6e, 0x20, 0x46, 0x73, 0xa9, 0x0d, 0x8d, 0xf8, 0x07, 0xa9, 0x18, 0x8d,
	0x18, 0xd0, 0xa9, 0xc8, 0x8d, 0x16, 0xd0, 0xa9, 0x00, 0x8d, 0x20, 0xd0,
	0xa9, 0x01, 0x8d, 0x21, 0xd0, 0xa9, 0x3b, 0x8d, 0x11, 0xd0, 0xa9, 0x00,
	0x8d, 0x2b, 0x73, 0xa9, 0x04, 0x8d, 0x88, 0x02, 0xa9, 0x01, 0x8d, 0x2a,
	0x73, 0x20, 0xa4, 0x70, 0x20, 0x00, 0x72, 0x60, 0x60, 0xa9, 0x00, 0x8d,
	0x30, 0x73, 0xad, 0x2f, 0x73, 0x0a, 0x2e, 0x30, 0x73, 0x0a, 0x2e, 0x30,
	0x73, 0x0a, 0x2e, 0x30, 0x73, 0x18, 0x69, 0x00, 0x85, 0xfb, 0xad, 0x30,
	0x73, 0x69, 0x44, 0x85, 0xfc, 0x60, 0xae, 0x2c, 0x73, 0xbd, 0xc6, 0x72,
	0x85, 0xfd, 0xbd, 0xdf, 0x72, 0x85, 0xfe, 0xa9, 0x00, 0x8d, 0x31, 0x73,
	0xad, 0x2d, 0x73, 0x0a, 0x2e, 0x31, 0x73, 0x0a, 0x2e, 0x31, 0x73, 0x0a,
	0x2e, 0x31, 0x73, 0x18, 0x65, 0xfd, 0x85, 0xfd, 0xad, 0x31, 0x73, 0x65,
	0xfe, 0x85, 0xfe, 0x60, 0xad, 0x5c, 0x6d, 0xd0, 0x07, 0xa2, 0x17, 0xa9,
	0x0f, 0x4c, 0xb0, 0x6e, 0xc9, 0x02, 0xd0, 0x01, 0x60, 0xa2, 0x13, 0xa9,
	0x0f, 0x8d, 0x32, 0x73, 0xbd, 0xf8, 0x72, 0x8d, 0xc5, 0x6e, 0xbd, 0x11,
	0x73, 0x8d, 0xc6, 0x6e, 0xa2, 0x27, 0xad, 0x32, 0x73, 0x9d, 0xff, 0xff,
	0xca, 0x10, 0xfa, 0x60, 0x8e, 0x2c, 0x73, 0x8c, 0x2d, 0x73, 0x60, 0xc9,
	0x12, 0xd0, 0x06, 0xa9, 0x01, 0x8d, 0x33, 0x73, 0x60, 0xc9, 0x92, 0xd0,
	0x06, 0xa9, 0x00, 0x8d, 0x33, 0x73, 0x60, 0xc9, 0x0d, 0xd0, 0x10, 0xa9,
	0x00, 0x8d, 0x2d, 0x73, 0xad, 0x2c, 0x73, 0xc9, 0x18, 0xb0, 0x03, 0xee,
	0x2c, 0x73, 0x60, 0x20, 0x55, 0x6f, 0x29, 0x7f, 0x8d, 0x2f, 0x73, 0x08,
	0x78, 0x20, 0x4c, 0x6e, 0x20, 0x6d, 0x6e, 0xa0, 0x00, 0xb1, 0xfb, 0xd1,
	0xfd, 0xf0, 0x02, 0x91, 0xfd, 0xc8, 0xc0, 0x08, 0xd0, 0xf3, 0x28, 0xae,
	0x2c, 0x73, 0xbd, 0xf8, 0x72, 0x8d, 0x39, 0x6f, 0xbd, 0x11, 0x73, 0x8d,
	0x3a, 0x6f, 0xae, 0x2d, 0x73, 0xad, 0x33, 0x73, 0xf0, 0x04, 0xa9, 0x16,
	0xd0, 0x03, 0xad, 0x32, 0x73, 0x9d, 0xff, 0xff, 0xee, 0x2d, 0x73, 0xad,
	0x2d, 0x73, 0xc9, 0x28, 0x90, 0x0f, 0xa9, 0x00, 0x8d, 0x2d, 0x73, 0xad,
	0x2c, 0x73, 0xc9, 0x18, 0xb0, 0x03, 0xee, 0x2c, 0x73, 0x60, 0xc9, 0x20,
	0xb0, 0x04, 0x18, 0x69, 0x80, 0x60, 0xc9, 0x40, 0xb0, 0x01, 0x60, 0xc9,
	0x60, 0xb0, 0x04, 0x38, 0xe9, 0x40, 0x60, 0xc9, 0x80, 0xb0, 0x04, 0x38,
	0xe9, 0x20, 0x60, 0xc9, 0xa0, 0xb0, 0x04, 0x18, 0x69, 0x40, 0x60, 0xc9,
	0xc0, 0xb0, 0x04, 0x38, 0xe9, 0x40, 0x60, 0xc9, 0xff, 0xd0, 0x03, 0xa9,
	0x5e, 0x60, 0x38, 0xe9, 0x80, 0x60, 0x8d, 0x94, 0x6f, 0x8c, 0x95, 0x6f,
	0xad, 0xff, 0xff, 0xf0, 0x0d, 0x20, 0xd2, 0x6e, 0xee, 0x94, 0x6f, 0xd0,
	0xf3, 0xee, 0x95, 0x6f, 0xd0, 0xee, 0x60, 0xa0, 0x00, 0x20, 0xcb, 0x6e,
	0xa9, 0x28, 0x8d, 0x34, 0x73, 0xa9, 0x20, 0x20, 0xd2, 0x6e, 0xce, 0x34,
	0x73, 0xd0, 0xf6, 0x60, 0x8d, 0x17, 0xde, 0x8e, 0x34, 0x73, 0xad, 0x17,
	0xde, 0xf0, 0x0d, 0x20, 0xd2, 0x6e, 0xce, 0x34, 0x73, 0xd0, 0xf3, 0xad,
	0x17, 0xde, 0xd0, 0xfb, 0x60, 0xa9, 0x00, 0x8d, 0x2b, 0x73, 0xad, 0x2a,
	0x73, 0xf0, 0x0d, 0x20, 0x3c, 0x50, 0xa9, 0x0e, 0x20, 0xd2, 0xff, 0xa9,
	0x93, 0x20, 0xd2, 0xff, 0x60, 0x20, 0x22, 0x70, 0xa9, 0xa9, 0xa0, 0x93,
	0x20, 0x8d, 0x6f, 0xad, 0x01, 0xde, 0xc9, 0xa5, 0xf0, 0x04, 0xc9, 0x5a,
	0xd0, 0xf5, 0xa2, 0x05, 0xcd, 0x01, 0xde, 0xd0, 0xee, 0xca, 0xd0, 0xf8,
	0xc9, 0x5a, 0xf0, 0x12, 0x20, 0x22, 0x70, 0xa9, 0x02, 0xa2, 0x27, 0x20,
	0xbb, 0x6f, 0xa9, 0xc3, 0x8d, 0x01, 0xde, 0x4c, 0xf6, 0x6f, 0x60, 0xa9,
	0x00, 0x8d, 0x33, 0x73, 0xa9, 0x0f, 0x8d, 0x32, 0x73, 0xa2, 0x17, 0xad,
	0x5c, 0x6d, 0xf0, 0x02, 0xa2, 0x15, 0x8e, 0x3b, 0x73, 0x20, 0xa6, 0x6f,
	0xae, 0x3b, 0x73, 0xa0, 0x00, 0x4c, 0xcb, 0x6e, 0x8d, 0x35, 0x73, 0xa9,
	0x00, 0x8d, 0x36, 0x73, 0x8d, 0x37, 0x73, 0xad, 0x35, 0x73, 0xc9, 0x64,
	0x90, 0x0b, 0x38, 0xe9, 0x64, 0x8d, 0x35, 0x73, 0xee, 0x36, 0x73, 0xd0,
	0xee, 0xad, 0x36, 0x73, 0xf0, 0x0b, 0x18, 0x69, 0x30, 0x20, 0xd2, 0x6e,
	0xa9, 0x01, 0x8d, 0x37, 0x73, 0xa9, 0x00, 0x8d, 0x36, 0x73, 0xad, 0x35,
	0x73, 0xc9, 0x0a, 0x90, 0x0b, 0x38, 0xe9, 0x0a, 0x8d, 0x35, 0x73, 0xee,
	0x36, 0x73, 0xd0, 0xee, 0xad, 0x36, 0x73, 0xd0, 0x05, 0xad, 0x37, 0x73,
	0xf0, 0x09, 0xad, 0x36, 0x73, 0x18, 0x69, 0x30, 0x20, 0xd2, 0x6e, 0xad,
	0x35, 0x73, 0x18, 0x69, 0x30, 0x20, 0xd2, 0x6e, 0x60, 0xad, 0x2a, 0x73,
	0xf0, 0x3b, 0xad, 0x5c, 0x6d, 0xc9, 0x01, 0xd0, 0x34, 0xad, 0x5d, 0x6d,
	0xd0, 0x2f, 0xa9, 0x00, 0x8d, 0x38, 0x73, 0xad, 0x38, 0x73, 0xcd, 0x0d,
	0xde, 0xb0, 0x0b, 0xa2, 0x01, 0x20, 0xe5, 0x70, 0xee, 0x38, 0x73, 0x4c,
	0xba, 0x70, 0xad, 0x0d, 0xde, 0xf0, 0x12, 0xad, 0x0c, 0xde, 0xcd, 0x0d,
	0xde, 0x90, 0x05, 0xa9, 0x00, 0x8d, 0x0c, 0xde, 0xa2, 0x16, 0x20, 0xe5,
	0x70, 0x60, 0x8d, 0x38, 0x73, 0x8e, 0x32, 0x73, 0xaa, 0xbd, 0xb9, 0x58,
	0x18, 0x69, 0x02, 0xaa, 0xbd, 0xf8, 0x72, 0x8d, 0x1d, 0x71, 0xbd, 0x11,
	0x73, 0x8d, 0x1e, 0x71, 0xbd, 0xf8, 0x72, 0x18, 0x69, 0x28, 0x8d, 0x20,
	0x71, 0xbd, 0x11, 0x73, 0x69, 0x00, 0x8d, 0x21, 0x71, 0xae, 0x38, 0x73,
	0xbd, 0xcc, 0x58, 0xaa, 0xad, 0x32, 0x73, 0xa0, 0x08, 0x9d, 0xff, 0xff,
	0x9d, 0xff, 0xff, 0xe8, 0x88, 0xd0, 0xf6, 0x60, 0x20, 0xa4, 0x70, 0xad,
	0x0d, 0xde, 0xd0, 0x01, 0x60, 0xad, 0x0c, 0xde, 0xcd, 0x0d, 0xde, 0x90,
	0x05, 0xa9, 0x00, 0x8d, 0x0c, 0xde, 0x8d, 0x0b, 0xde, 0xad, 0x10, 0xde,
	0x8d, 0xc3, 0x5a, 0x29, 0x7f, 0x8d, 0xc2, 0x5a, 0xa9, 0x00, 0x8d, 0x33,
	0x73, 0xa9, 0x0f, 0x8d, 0x32, 0x73, 0xa2, 0x13, 0x20, 0xa6, 0x6f, 0xa2,
	0x13, 0xa0, 0x00, 0x20, 0xcb, 0x6e, 0xa9, 0xd1, 0xa0, 0x59, 0x20, 0x8d,
	0x6f, 0xa9, 0x00, 0xa2, 0x26, 0x20, 0xbb, 0x6f, 0x60, 0xa2, 0x14, 0xa0,
	0x00, 0x20, 0xcb, 0x6e, 0xa9, 0xd4, 0xa0, 0x59, 0x20, 0x8d, 0x6f, 0xad,
	0xc2, 0x5a, 0x0a, 0x0a, 0x18, 0x69, 0x01, 0x8d, 0x39, 0x73, 0xa9, 0x03,
	0x8d, 0x34, 0x73, 0xac, 0x39, 0x73, 0xb9, 0xc6, 0x93, 0x20, 0xd2, 0x6e,
	0xee, 0x39, 0x73, 0xce, 0x34, 0x73, 0xd0, 0xef, 0xad, 0xc3, 0x5a, 0x10,
	0x07, 0xa9, 0xda, 0xa0, 0x59, 0x20, 0x8d, 0x6f, 0xa9, 0xde, 0xa0, 0x59,
	0x20, 0x8d, 0x6f, 0xad, 0x0c, 0xde, 0x18, 0x69, 0x01, 0x20, 0x43, 0x70,
	0xa9, 0x2f, 0x20, 0xd2, 0x6e, 0xad, 0x0d, 0xde, 0x20, 0x43, 0x70, 0xa9,
	0xe6, 0xa0, 0x59, 0x20, 0x8d, 0x6f, 0xad, 0x0e, 0xde, 0x20, 0x43, 0x70,
	0xa9, 0x2f, 0x20, 0xd2, 0x6e, 0xad, 0x0f, 0xde, 0x20, 0x43, 0x70, 0x60,
	0xa2, 0x00, 0xa0, 0x1c, 0x20, 0xcb, 0x6e, 0xa9, 0x00, 0x8d, 0x33, 0x73,
	0xa9, 0x76, 0x8d, 0x32, 0x73, 0xad, 0x75, 0x8c, 0xf0, 0x05, 0xa9, 0x78,
	0x4c, 0xfc, 0x71, 0xa9, 0x79, 0x20, 0xfd, 0x6e, 0x60, 0x4c, 0x35, 0x7c,
	0x20, 0xdf, 0x71, 0xa2, 0x00, 0xa0, 0x1e, 0x20, 0xcb, 0x6e, 0xa9, 0x00,
	0x8d, 0x33, 0x73, 0xa9, 0x76, 0x8d, 0x32, 0x73, 0xad, 0x0b, 0xdc, 0x8d,
	0x3a, 0x73, 0xae, 0x44, 0x8f, 0xf0, 0x38, 0xa9, 0x20, 0x20, 0xd2, 0x6e,
	0xa9, 0x20, 0x20, 0xd2, 0x6e, 0xad, 0x3a, 0x73, 0xc9, 0x12, 0xd0, 0x04,
	0xa9, 0x00, 0xf0, 0x1d, 0xc9, 0x92, 0xf0, 0x14, 0x29, 0x80, 0xf0, 0x10,
	0xad, 0x3a, 0x73, 0x29, 0x1f, 0x08, 0x78, 0xf8, 0x18, 0x69, 0x12, 0xd8,
	0x28, 0x4c, 0x54, 0x72, 0xad, 0x3a, 0x73, 0x29, 0x1f, 0x20, 0xb5, 0x72,
	0x4c, 0x81, 0x72, 0xad, 0x3a, 0x73, 0x29, 0x1f, 0xd0, 0x08, 0xad, 0x3a,
	0x73, 0x09, 0x12, 0x8d, 0x3a, 0x73, 0xad, 0x3a, 0x73, 0x29, 0x10, 0xd0,
	0x04, 0xa9, 0x20, 0xd0, 0x02, 0xa9, 0x31, 0x20, 0xd2, 0x6e, 0xad, 0x3a,
	0x73, 0x29, 0x0f, 0x20, 0xc0, 0x72, 0xa9, 0x3a, 0x20, 0xd2, 0x6e, 0xad,
	0x0a, 0xdc, 0x20, 0xb5, 0x72, 0xa9, 0x3a, 0x20, 0xd2, 0x6e, 0xad, 0x09,
	0xdc, 0x20, 0xb5, 0x72, 0xad, 0x08, 0xdc, 0xae, 0x44, 0x8f, 0xd0, 0x15,
	0xad, 0x3a, 0x73, 0x29, 0x80, 0xd0, 0x04, 0xa9, 0x41, 0xd0, 0x02, 0xa9,
	0x50, 0x20, 0xd2, 0x6e, 0xa9, 0x4d, 0x20, 0xd2, 0x6e, 0x60, 0x48, 0x4a,
	0x4a, 0x4a, 0x4a, 0x20, 0xc0, 0x72, 0x68, 0x29, 0x0f, 0x18, 0x69, 0x30,
	0x4c, 0xd2, 0x6e, 0x00, 0x40, 0x80, 0xc0, 0x00, 0x40, 0x80, 0xc0, 0x00,
	0x40, 0x80, 0xc0, 0x00, 0x40, 0x80, 0xc0, 0x00, 0x40, 0x80, 0xc0, 0x00,
	0x40, 0x80, 0xc0, 0x00, 0x20, 0x21, 0x22, 0x23, 0x25, 0x26, 0x27, 0x28,
	0x2a, 0x2b, 0x2c, 0x2d, 0x2f, 0x30, 0x31, 0x32, 0x34, 0x35, 0x36, 0x37,
	0x39, 0x3a, 0x3b, 0x3c, 0x3e, 0x00, 0x28, 0x50, 0x78, 0xa0, 0xc8, 0xf0,
	0x18, 0x40, 0x68, 0x90, 0xb8, 0xe0, 0x08, 0x30, 0x58, 0x80, 0xa8, 0xd0,
	0xf8, 0x20, 0x48, 0x70, 0x98, 0xc0, 0x04, 0x04, 0x04, 0x04, 0x04, 0x04,
	0x04, 0x05, 0x05, 0x05, 0x05, 0x05, 0x05, 0x06, 0x06, 0x06, 0x06, 0x06,
	0x06, 0x06, 0x07, 0x07, 0x07, 0x07, 0x07, 0x00, 0x00, 0x00, 0x00, 0x00,
	0x00, 0x00, 0x00, 0x01, 0x00, 0x00, 0x00, 0x00, 0x00, 0x00, 0x00, 0x00,
	0x00, 0xa5, 0x01, 0x8d, 0x5c, 0x81, 0x29, 0xfe, 0x85, 0x01, 0x60, 0xad,
	0x5c, 0x6d, 0xd0, 0x06, 0x20, 0x74, 0x75, 0x4c, 0x57, 0x73, 0x20, 0xca,
	0x77, 0x20, 0xc1, 0x78, 0x20, 0x62, 0x79, 0xad, 0x5d, 0x6d, 0xc9, 0x01,
	0xd0, 0x03, 0x20, 0xfa, 0x79, 0xad, 0x5d, 0x6d, 0xc9, 0x02, 0xd0, 0x03,
	0x20, 0x78, 0x7b, 0x20, 0x77, 0x73, 0xad, 0x5c, 0x81, 0x85, 0x01, 0x60,
	0xa9, 0xa0, 0x8d, 0x8a, 0x73, 0xa9, 0x20, 0x8d, 0x8d, 0x73, 0x8d, 0x92,
	0x73, 0xa2, 0x1f, 0xa0, 0x00, 0xb9, 0x00, 0xa0, 0xd9, 0x00, 0x20, 0xf0,
	0x03, 0x99, 0x00, 0x20, 0xc8, 0xd0, 0xf2, 0xee, 0x8a, 0x73, 0xee, 0x8d,
	0x73, 0xee, 0x92, 0x73, 0xca, 0xd0, 0xe6, 0xb9, 0x00, 0xbf, 0xd9, 0x00,
	0x3f, 0xf0, 0x03, 0x99, 0x00, 0x3f, 0xc8, 0xc0, 0x40, 0xd0, 0xf0, 0x60,
	0xad, 0x5f, 0x81, 0x4a, 0x4a, 0x4a, 0xaa, 0xad, 0x5d, 0x81, 0x29, 0xf8,
	0x18, 0x7d, 0xc6, 0x72, 0x8d, 0xeb, 0x73, 0xbd, 0xdf, 0x72, 0x6d, 0x5e,
	0x81, 0x18, 0x69, 0x80, 0x8d, 0xec, 0x73, 0xad, 0x5f, 0x81, 0x29, 0x07,
	0x0d, 0xeb, 0x73, 0x8d, 0xeb, 0x73, 0x8d, 0xfa, 0x73, 0xad, 0xec, 0x73,
	0x8d, 0xfb, 0x73, 0x60, 0x8d, 0x64, 0x81, 0xad, 0xff, 0xff, 0x4d, 0x63,
	0x81, 0x0d, 0x64, 0x81, 0x4d, 0x63, 0x81, 0x4d, 0x64, 0x81, 0x8d, 0xff,
	0xff, 0x60, 0x18, 0xad, 0xeb, 0x73, 0x69, 0x08, 0x8d, 0xeb, 0x73, 0x8d,
	0xfa, 0x73, 0x90, 0x06, 0xee, 0xec, 0x73, 0xee, 0xfb, 0x73, 0x60, 0xad,
	0x5f, 0x81, 0x48, 0xad, 0x5d, 0x81, 0x29, 0x07, 0xaa, 0xbd, 0xf3, 0x7f,
	0x8d, 0x65, 0x81, 0xad, 0x5d, 0x81, 0x18, 0x6d, 0x60, 0x81, 0x8d, 0x67,
	0x81, 0xad, 0x5e, 0x81, 0x6d, 0x61, 0x81, 0x8d, 0x68, 0x81, 0xad, 0x67,
	0x81, 0xd0, 0x03, 0xce, 0x68, 0x81, 0xce, 0x67, 0x81, 0xad, 0x67, 0x81,
	0x29, 0x07, 0xaa, 0xbd, 0xfb, 0x7f, 0x8d, 0x66, 0x81, 0xad, 0x68, 0x81,
	0x4a, 0xad, 0x67, 0x81, 0x6a, 0x4a, 0x4a, 0x8d, 0x6a, 0x81, 0xad, 0x5e,
	0x81, 0x4a, 0xad, 0x5d, 0x81, 0x6a, 0x4a, 0x4a, 0x8d, 0x69, 0x81, 0x20,
	0xb3, 0x73, 0xad, 0x6a, 0x81, 0x38, 0xed, 0x69, 0x81, 0x8d, 0x6b, 0x81,
	0xad, 0x65, 0x81, 0xae, 0x6b, 0x81, 0xd0, 0x09, 0x2d, 0x66, 0x81, 0x20,
	0xe7, 0x73, 0x4c, 0x9d, 0x74, 0x20, 0xe7, 0x73, 0x20, 0xfd, 0x73, 0xce,
	0x6b, 0x81, 0xf0, 0x08, 0xa9, 0xff, 0x20, 0xe7, 0x73, 0x4c, 0x87, 0x74,
	0xad, 0x66, 0x81, 0x20, 0xe7, 0x73, 0xee, 0x5f, 0x81, 0xce, 0x62, 0x81,
	0xd0, 0xc1, 0x68, 0x8d, 0x5f, 0x81, 0x60, 0xad, 0x5f, 0x81, 0x48, 0xad,
	0x5d, 0x81, 0x29, 0x07, 0x8d, 0x6d, 0x81, 0x20, 0xb3, 0x73, 0xad, 0x6c,
	0x81, 0x8d, 0x6b, 0x81, 0xad, 0xff, 0xff, 0x8d, 0x6e, 0x81, 0xa9, 0x00,
	0x8d, 0x6f, 0x81, 0xae, 0x6d, 0x81, 0xf0, 0x0d, 0xad, 0x6e, 0x81, 0x4a,
	0x6e, 0x6f, 0x81, 0xca, 0xd0, 0xf9, 0x8d, 0x6e, 0x81, 0xad, 0x6e, 0x81,
	0x20, 0xe7, 0x73, 0x20, 0xfd, 0x73, 0xad, 0x6f, 0x81, 0xf0, 0x03, 0x20,
	0xe7, 0x73, 0xee, 0xc0, 0x74, 0xd0, 0x03, 0xee, 0xc1, 0x74, 0xce, 0x6b,
	0x81, 0xd0, 0xc5, 0xee, 0x5f, 0x81, 0xce, 0x62, 0x81, 0xd0, 0xb4, 0x68,
	0x8d, 0x5f, 0x81, 0x60, 0x8d, 0x0e, 0x75, 0x8c, 0x0f, 0x75, 0xad, 0xff,
	0xff, 0xf0, 0x13, 0x29, 0x7f, 0xc9, 0x20, 0x90, 0x03, 0x20, 0x26, 0x75,
	0xee, 0x0e, 0x75, 0xd0, 0xed, 0xee, 0x0f, 0x75, 0xd0, 0xe8, 0x60, 0x48,
	0xad, 0x5e, 0x81, 0xf0, 0x09, 0xad, 0x5d, 0x81, 0xc9, 0x3b, 0x90, 0x02,
	0x68, 0x60, 0x68, 0x38, 0xe9, 0x20, 0xa2, 0x00, 0x8e, 0x70, 0x81, 0x0a,
	0x2e, 0x70, 0x81, 0x0a, 0x2e, 0x70, 0x81, 0x0a, 0x2e, 0x70, 0x81, 0x18,
	0x69, 0x91, 0x8d, 0xc0, 0x74, 0xad, 0x70, 0x81, 0x69, 0x81, 0x8d, 0xc1,
	0x74, 0xa9, 0x01, 0x8d, 0x6c, 0x81, 0xa9, 0x07, 0x8d, 0x62, 0x81, 0x20,
	0xaa, 0x74, 0x18, 0xad, 0x5d, 0x81, 0x69, 0x06, 0x8d, 0x5d, 0x81, 0x90,
	0x03, 0xee, 0x5e, 0x81, 0x60, 0xa9, 0x00, 0x8d, 0x85, 0x75, 0xa9, 0xa0,
	0x8d, 0x86, 0x75, 0xa2, 0x20, 0xa0, 0x00, 0xa9, 0x00, 0x99, 0x00, 0xa0,
	0xc8, 0xd0, 0xfa, 0xee, 0x86, 0x75, 0xca, 0xd0, 0xf4, 0xa9, 0x01, 0xa2,
	0x00, 0x9d, 0x00, 0x04, 0x9d, 0x00, 0x05, 0x9d, 0x00, 0x06, 0x9d, 0xe8,
	0x06, 0xe8, 0xd0, 0xf1, 0xa9, 0x14, 0x8d, 0x5f, 0x81, 0xad, 0x5f, 0x81,
	0x29, 0x08, 0xf0, 0x04, 0xa9, 0x04, 0xd0, 0x02, 0xa9, 0x08, 0x8d, 0x5d,
	0x81, 0xa9, 0x00, 0x8d, 0x5e, 0x81, 0xa9, 0xff, 0x8d, 0x63, 0x81, 0x20,
	0xb3, 0x73, 0xad, 0x5d, 0x81, 0x29, 0x07, 0xaa, 0xbd, 0x03, 0x80, 0x20,
	0xe7, 0x73, 0x18, 0xad, 0x5d, 0x81, 0x69, 0x10, 0x8d, 0x5d, 0x81, 0x90,
	0x03, 0xee, 0x5e, 0x81, 0xad, 0x5e, 0x81, 0xf0, 0xde, 0xad, 0x5d, 0x81,
	0xc9, 0x40, 0x90, 0xd7, 0xad, 0x5f, 0x81, 0x18, 0x69, 0x08, 0x8d, 0x5f,
	0x81, 0xc9, 0xb4, 0x90, 0xb0, 0xa9, 0x00, 0x8d, 0x71, 0x81, 0x20, 0x78,
	0x76, 0xee, 0x71, 0x81, 0xad, 0x71, 0x81, 0xc9, 0x09, 0xd0, 0xf3, 0xa9,
	0x00, 0x8d, 0x5d, 0x81, 0x8d, 0x5e, 0x81, 0x8d, 0x61, 0x81, 0xa9, 0xb8,
	0x8d, 0x5f, 0x81, 0xa9, 0x40, 0x8d, 0x60, 0x81, 0xa9, 0x01, 0x8d, 0x61,
	0x81, 0xa9, 0x02, 0x8d, 0x62, 0x81, 0xa9, 0xff, 0x8d, 0x63, 0x81, 0x20,
	0x12, 0x74, 0xa9, 0x04, 0x8d, 0x5d, 0x81, 0xa9, 0xbd, 0x8d, 0x5f, 0x81,
	0xad, 0x5d, 0x6d, 0xc9, 0x03, 0xd0, 0x07, 0xa9, 0xe2, 0xa0, 0x80, 0x4c,
	0x07, 0x75, 0xad, 0x62, 0x6d, 0xf0, 0x0b, 0x0a, 0xaa, 0xbd, 0xe5, 0x66,
	0xbc, 0xe6, 0x66, 0x4c, 0x07, 0x75, 0xad, 0x60, 0x6d, 0x0a, 0xaa, 0xbd,
	0xd3, 0x66, 0xbc, 0xd4, 0x66, 0x20, 0x07, 0x75, 0xa9, 0x1e, 0x8d, 0x5d,
	0x81, 0xa9, 0x01, 0x8d, 0x5e, 0x81, 0xa9, 0xdc, 0xa0, 0x80, 0x4c, 0x07,
	0x75, 0xae, 0x71, 0x81, 0xbd, 0x37, 0x66, 0xaa, 0xbd, 0x0b, 0x80, 0x8d,
	0x72, 0x81, 0x8d, 0x5d, 0x81, 0xbd, 0x1a, 0x80, 0x8d, 0x73, 0x81, 0x8d,
	0x5e, 0x81, 0xbd, 0x29, 0x80, 0x8d, 0x74, 0x81, 0x8d, 0x5f, 0x81, 0xa9,
	0x00, 0x8d, 0x61, 0x81, 0x8d, 0x63, 0x81, 0xa9, 0x18, 0x8d, 0x60, 0x81,
	0xa9, 0x10, 0x8d, 0x62, 0x81, 0x20, 0x12, 0x74, 0xae, 0x71, 0x81, 0xbd,
	0x38, 0x80, 0x8d, 0xc0, 0x74, 0xbd, 0x41, 0x80, 0x8d, 0xc1, 0x74, 0xa9,
	0x03, 0x8d, 0x6c, 0x81, 0xa9, 0x10, 0x8d, 0x62, 0x81, 0xa9, 0xff, 0x8d,
	0x63, 0x81, 0x20, 0xaa, 0x74, 0xad, 0x74, 0x81, 0x18, 0x69, 0x14, 0x8d,
	0x75, 0x81, 0xae, 0x71, 0x81, 0xbd, 0x4a, 0x80, 0x8d, 0xf0, 0x76, 0xbd,
	0x53, 0x80, 0x8d, 0xf1, 0x76, 0xa9, 0x00, 0x8d, 0x76, 0x81, 0xa0, 0x00,
	0xb9, 0xff, 0xff, 0xf0, 0x0a, 0xc9, 0x0d, 0xf0, 0x06, 0xee, 0x76, 0x81,
	0xc8, 0xd0, 0xf1, 0xad, 0x76, 0x81, 0x0a, 0x18, 0x6d, 0x76, 0x81, 0x8d,
	0x77, 0x81, 0xad, 0x72, 0x81, 0x18, 0x69, 0x0c, 0x8d, 0x5d, 0x81, 0xad,
	0x73, 0x81, 0x69, 0x00, 0x8d, 0x5e, 0x81, 0xad, 0x5d, 0x81, 0x38, 0xed,
	0x77, 0x81, 0x8d, 0x5d, 0x81, 0xb0, 0x03, 0xce, 0x5e, 0x81, 0xad, 0x75,
	0x81, 0x38, 0xe9, 0x01, 0x8d, 0x5f, 0x81, 0xad, 0x76, 0x81, 0x0a, 0x18,
	0x6d, 0x76, 0x81, 0x0a, 0x18, 0x69, 0x02, 0x8d, 0x60, 0x81, 0xa9, 0x00,
	0x8d, 0x61, 0x81, 0x8d, 0x63, 0x81, 0xad, 0x71, 0x81, 0xcd, 0x60, 0x6d,
	0xd0, 0x05, 0xa9, 0xff, 0x8d, 0x63, 0x81, 0xa9, 0x09, 0x8d, 0x62, 0x81,
	0x20, 0x12, 0x74, 0xee, 0x5d, 0x81, 0xd0, 0x03, 0xee, 0x5e, 0x81, 0xad,
	0x75, 0x81, 0x8d, 0x5f, 0x81, 0xad, 0x63, 0x81, 0x49, 0xff, 0x8d, 0x63,
	0x81, 0xa9, 0x00, 0x8d, 0x78, 0x81, 0xac, 0x78, 0x81, 0xcc, 0x76, 0x81,
	0xf0, 0x1a, 0xad, 0xf0, 0x76, 0x8d, 0x8e, 0x77, 0xad, 0xf1, 0x76, 0x8d,
	0x8f, 0x77, 0xb9, 0xff, 0xff, 0x29, 0x7f, 0x20, 0x26, 0x75, 0xee, 0x78,
	0x81, 0x4c, 0x79, 0x77, 0xac, 0x76, 0x81, 0xad, 0xf0, 0x76, 0x8d, 0xab,
	0x77, 0xad, 0xf1, 0x76, 0x8d, 0xac, 0x77, 0xb9, 0xff, 0xff, 0xf0, 0x1a,
	0xc8, 0x98, 0x18, 0x6d, 0xf0, 0x76, 0x8d, 0xf0, 0x76, 0x90, 0x03, 0xee,
	0xf1, 0x76, 0xad, 0x75, 0x81, 0x18, 0x69, 0x08, 0x8d, 0x75, 0x81, 0x4c,
	0xe8, 0x76, 0x60, 0xad, 0x5c, 0x6d, 0xc9, 0x02, 0xd0, 0x06, 0xad, 0x22,
	0x9b, 0x4c, 0xda, 0x77, 0xad, 0x0d, 0xde, 0xc9, 0x14, 0x90, 0x02, 0xa9,
	0x13, 0x8d, 0x8d, 0x81, 0xa9, 0x00, 0x8d, 0x71, 0x81, 0xad, 0x71, 0x81,
	0xcd, 0x8d, 0x81, 0x90, 0x03, 0x4c, 0xc0, 0x78, 0xaa, 0xbd, 0xb9, 0x58,
	0x18, 0x69, 0x02, 0x0a, 0x0a, 0x0a, 0x8d, 0x5f, 0x81, 0xbd, 0xcc, 0x58,
	0xa2, 0x00, 0x8e, 0x5e, 0x81, 0x0a, 0x2e, 0x5e, 0x81, 0x0a, 0x2e, 0x5e,
	0x81, 0x0a, 0x2e, 0x5e, 0x81, 0x8d, 0x5d, 0x81, 0xa9, 0x40, 0x8d, 0x60,
	0x81, 0xa9, 0x00, 0x8d, 0x61, 0x81, 0x8d, 0x63, 0x81, 0xa9, 0x10, 0x8d,
	0x62, 0x81, 0x20, 0x12, 0x74, 0xad, 0x5d, 0x81, 0x18, 0x69, 0x02, 0x8d,
	0x5d, 0x81, 0x90, 0x03, 0xee, 0x5e, 0x81, 0xa9, 0xff, 0x8d, 0x63, 0x81,
	0xad, 0x5d, 0x81, 0x8d, 0x8e, 0x81, 0xad, 0x5e, 0x81, 0x8d, 0x8f, 0x81,
	0xae, 0x71, 0x81, 0xbd, 0xe5, 0x53, 0x8d, 0x67, 0x78, 0xbd, 0xf8, 0x53,
	0x8d, 0x68, 0x78, 0xa9, 0x00, 0x8d, 0x90, 0x81, 0xac, 0x90, 0x81, 0xc0,
	0x14, 0xf0, 0x32, 0xb9, 0xff, 0xff, 0xf0, 0x2d, 0x29, 0x7f, 0xc9, 0x20,
	0xb0, 0x02, 0xa9, 0x20, 0x20, 0x26, 0x75, 0xee, 0x90, 0x81, 0xad, 0x90,
	0x81, 0xc9, 0x0a, 0xd0, 0xdf, 0xad, 0x5f, 0x81, 0x18, 0x69, 0x08, 0x8d,
	0x5f, 0x81, 0xad, 0x8e, 0x81, 0x8d, 0x5d, 0x81, 0xad, 0x8f, 0x81, 0x8d,
	0x5e, 0x81, 0x4c, 0x5f, 0x78, 0xad, 0x5c, 0x6d, 0xc9, 0x02, 0xd0, 0x06,
	0xad, 0xc2, 0x97, 0x4c, 0xa8, 0x78, 0xad, 0x0c, 0xde, 0xcd, 0x71, 0x81,
	0xd0, 0x05, 0xa2, 0x16, 0x4c, 0xb4, 0x78, 0xa2, 0x01, 0xad, 0x71, 0x81,
	0x20, 0xe5, 0x70, 0xee, 0x71, 0x81, 0x4c, 0xe8, 0x77, 0x60, 0xa9, 0x00,
	0x8d, 0x5d, 0x81, 0x8d, 0x5e, 0x81, 0x8d, 0x63, 0x81, 0xa9, 0xb8, 0x8d,
	0x5f, 0x81, 0xa9, 0x40, 0x8d, 0x60, 0x81, 0xa9, 0x01, 0x8d, 0x61, 0x81,
	0xa9, 0x10, 0x8d, 0x62, 0x81, 0x20, 0x12, 0x74, 0xa9, 0xbe, 0x8d, 0x5f,
	0x81, 0xa9, 0x01, 0x8d, 0x62, 0x81, 0xa9, 0xff, 0x8d, 0x63, 0x81, 0x20,
	0x12, 0x74, 0xa9, 0x00, 0x8d, 0x71, 0x81, 0xae, 0x71, 0x81, 0xbd, 0x1c,
	0x79, 0x8d, 0x5d, 0x81, 0xa9, 0xc0, 0x8d, 0x5f, 0x81, 0xbd, 0x30, 0x79,
	0xbc, 0x35, 0x79, 0x20, 0x07, 0x75, 0xee, 0x71, 0x81, 0xad, 0x71, 0x81,
	0xc9, 0x05, 0xd0, 0xdf, 0x60, 0x04, 0x4c, 0x7c, 0xb8, 0xf4, 0x02, 0x26,
	0x3e, 0x5c, 0x7a, 0x1d, 0x35, 0x50, 0x71, 0x92, 0x85, 0x86, 0x87, 0x88,
	0x8c, 0x3a, 0x44, 0x4a, 0x51, 0x59, 0x79, 0x79, 0x79, 0x79, 0x79, 0xc6,
	0x31, 0x20, 0xd4, 0xc5, 0xc5, 0xce, 0xd3, 0xd9, 0x00, 0xc6, 0x33, 0x20,
	0xd3, 0xc4, 0x00, 0xc6, 0x35, 0x20, 0xd5, 0xd3, 0xc2, 0x00, 0xc6, 0x37,
	0x20, 0xc8, 0xc5, 0xcc, 0xd0, 0x00, 0xc6, 0x38, 0x20, 0xd0, 0xc1, 0xce,
	0xc5, 0xcc, 0x00, 0xa9, 0x00, 0x8d, 0x5d, 0x81, 0x8d, 0x5e, 0x81, 0x8d,
	0x5f, 0x81, 0xa9, 0x40, 0x8d, 0x60, 0x81, 0xa9, 0x01, 0x8d, 0x61, 0x81,
	0xa9, 0x08, 0x8d, 0x62, 0x81, 0xa9, 0xff, 0x8d, 0x63, 0x81, 0x20, 0x12,
	0x74, 0xa9, 0x01, 0xa2, 0x27, 0x9d, 0x00, 0x04, 0xca, 0x10, 0xfa, 0xa9,
	0x00, 0x8d, 0x61, 0x81, 0x8d, 0x71, 0x81, 0xae, 0x71, 0x81, 0xbd, 0x5c,
	0x80, 0x8d, 0x5d, 0x81, 0xbd, 0x61, 0x80, 0x8d, 0x60, 0x81, 0xa9, 0x00,
	0x8d, 0x5f, 0x81, 0xa9, 0x08, 0x8d, 0x62, 0x81, 0xa9, 0xff, 0x8d, 0x63,
	0x81, 0xad, 0x5d, 0x6d, 0xc9, 0x01, 0xd0, 0x10, 0xad, 0x71, 0x81, 0xcd,
	0x5e, 0x6d, 0xd0, 0x08, 0xa9, 0x00, 0x8d, 0x63, 0x81, 0x20, 0x12, 0x74,
	0xad, 0x63, 0x81, 0x49, 0xff, 0x8d, 0x63, 0x81, 0xad, 0x5d, 0x81, 0x18,
	0x69, 0x03, 0x8d, 0x5d, 0x81, 0xa9, 0x01, 0x8d, 0x5f, 0x81, 0xae, 0x71,
	0x81, 0xbd, 0x70, 0x80, 0xbc, 0x75, 0x80, 0x20, 0x07, 0x75, 0xee, 0x71,
	0x81, 0xad, 0x71, 0x81, 0xc9, 0x05, 0xd0, 0x9f, 0x4c, 0x7f, 0x7c, 0xae,
	0x5e, 0x6d, 0xbd, 0x66, 0x80, 0x8d, 0x7b, 0x81, 0xbd, 0x6b, 0x80, 0x8d,
	0x7d, 0x81, 0xbd, 0x03, 0x67, 0x8d, 0x7a, 0x81, 0x0a, 0x18, 0x6d, 0x7a,
	0x81, 0x0a, 0x0a, 0x18, 0x69, 0x04, 0x8d, 0x7e, 0x81, 0xa9, 0x08, 0x8d,
	0x7c, 0x81, 0x20, 0xb3, 0x7a, 0xa9, 0x00, 0x8d, 0x71, 0x81, 0xad, 0x71,
	0x81, 0x0a, 0x8d, 0x7f, 0x81, 0x0a, 0x18, 0x6d, 0x7f, 0x81, 0x0a, 0x18,
	0x69, 0x0b, 0x8d, 0x5f, 0x81, 0xad, 0x7b, 0x81, 0x18, 0x69, 0x04, 0x8d,
	0x5d, 0x81, 0xa9, 0x00, 0x8d, 0x5e, 0x81, 0x8d, 0x61, 0x81, 0xa9, 0xff,
	0x8d, 0x63, 0x81, 0xad, 0x71, 0x81, 0xcd, 0x5f, 0x6d, 0xd0, 0x16, 0xad,
	0x7d, 0x81, 0x38, 0xe9, 0x08, 0x8d, 0x60, 0x81, 0xa9, 0x09, 0x8d, 0x62,
	0x81, 0x20, 0x12, 0x74, 0xa9, 0x00, 0x8d, 0x63, 0x81, 0xee, 0x5f, 0x81,
	0xae, 0x5e, 0x6d, 0xbd, 0x08, 0x67, 0x8d, 0x88, 0x7a, 0xbd, 0x0d, 0x67,
	0x8d, 0x89, 0x7a, 0xad, 0x71, 0x81, 0x0a, 0xa8, 0xb9, 0xff, 0xff, 0x8d,
	0x79, 0x81, 0xc8, 0xad, 0x88, 0x7a, 0x8d, 0x9b, 0x7a, 0xad, 0x89, 0x7a,
	0x8d, 0x9c, 0x7a, 0xb9, 0xff, 0xff, 0xa8, 0xad, 0x79, 0x81, 0x20, 0x07,
	0x75, 0xee, 0x71, 0x81, 0xad, 0x71, 0x81, 0xcd, 0x7a, 0x81, 0xf0, 0x03,
	0x4c, 0x29, 0x7a, 0x60, 0xad, 0x7b, 0x81, 0x8d, 0x5d, 0x81, 0xa9, 0x00,
	0x8d, 0x5e, 0x81, 0x8d, 0x61, 0x81, 0xad, 0x7c, 0x81, 0x8d, 0x5f, 0x81,
	0xad, 0x7d, 0x81, 0x8d, 0x60, 0x81, 0xad, 0x7e, 0x81, 0x8d, 0x62, 0x81,
	0xa9, 0xff, 0x8d, 0x63, 0x81, 0x20, 0x12, 0x74, 0xee, 0x5d, 0x81, 0xee,
	0x5f, 0x81, 0xad, 0x7d, 0x81, 0x38, 0xe9, 0x02, 0x8d, 0x60, 0x81, 0xad,
	0x7e, 0x81, 0x38, 0xe9, 0x02, 0x8d, 0x62, 0x81, 0xa9, 0x00, 0x8d, 0x63,
	0x81, 0x20, 0x12, 0x74, 0xad, 0x7c, 0x81, 0x4a, 0x4a, 0x4a, 0x8d, 0x80,
	0x81, 0xad, 0x7c, 0x81, 0x18, 0x6d, 0x7e, 0x81, 0x38, 0xe9, 0x01, 0x4a,
	0x4a, 0x4a, 0x8d, 0x81, 0x81, 0xae, 0x80, 0x81, 0xbd, 0xf8, 0x72, 0x8d,
	0x43, 0x7b, 0xbd, 0x11, 0x73, 0x8d, 0x44, 0x7b, 0xad, 0x7b, 0x81, 0x4a,
	0x4a, 0x4a, 0xaa, 0xad, 0x7b, 0x81, 0x18, 0x6d, 0x7d, 0x81, 0x8d, 0x7f,
	0x81, 0xa9, 0x00, 0x69, 0x00, 0x4a, 0xad, 0x7f, 0x81, 0x6a, 0x4a, 0x4a,
	0xa8, 0xa9, 0x01, 0x9d, 0xff, 0xff, 0xe8, 0x88, 0x8a, 0x48, 0xad, 0x7b,
	0x81, 0x18, 0x6d, 0x7d, 0x81, 0x8d, 0x7f, 0x81, 0xa9, 0x00, 0x69, 0x00,
	0x4a, 0xad, 0x7f, 0x81, 0x6a, 0x4a, 0x4a, 0x8d, 0x82, 0x81, 0x68, 0xcd,
	0x82, 0x81, 0xa9, 0x01, 0x90, 0xd9, 0xee, 0x80, 0x81, 0xad, 0x81, 0x81,
	0xcd, 0x80, 0x81, 0x90, 0x03, 0x4c, 0x14, 0x7b, 0x60, 0xa9, 0x10, 0x8d,
	0x7b, 0x81, 0xa9, 0x18, 0x8d, 0x7c, 0x81, 0xa9, 0xf0, 0x8d, 0x7d, 0x81,
	0xa9, 0x90, 0x8d, 0x7e, 0x81, 0x20, 0xb3, 0x7a, 0xa9, 0x12, 0x8d, 0x5d,
	0x81, 0xa9, 0x1a, 0x8d, 0x5f, 0x81, 0xa9, 0xec, 0x8d, 0x60, 0x81, 0xa9,
	0x0a, 0x8d, 0x62, 0x81, 0xa9, 0xff, 0x8d, 0x63, 0x81, 0x20, 0x12, 0x74,
	0xa9, 0x56, 0x8d, 0x5d, 0x81, 0xa9, 0x1c, 0x8d, 0x5f, 0x81, 0xa9, 0x00,
	0x8d, 0x63, 0x81, 0xa9, 0x03, 0xa0, 0x81, 0x20, 0x07, 0x75, 0xa9, 0x00,
	0x8d, 0x71, 0x81, 0xad, 0x71, 0x81, 0x0a, 0x0a, 0x0a, 0x18, 0x69, 0x28,
	0x8d, 0x5f, 0x81, 0xa9, 0x24, 0x8d, 0x5d, 0x81, 0xa9, 0xff, 0x8d, 0x63,
	0x81, 0xad, 0x71, 0x81, 0xcd, 0x61, 0x6d, 0xd0, 0x12, 0xa9, 0xd4, 0x8d,
	0x60, 0x81, 0xa9, 0x08, 0x8d, 0x62, 0x81, 0x20, 0x12, 0x74, 0xa9, 0x00,
	0x8d, 0x63, 0x81, 0xad, 0x71, 0x81, 0x0a, 0xaa, 0xbd, 0x3a, 0x67, 0xbc,
	0x3b, 0x67, 0x20, 0x07, 0x75, 0xee, 0x71, 0x81, 0xad, 0x71, 0x81, 0xc9,
	0x08, 0xd0, 0xb8, 0xa9, 0x1c, 0x8d, 0x5d, 0x81, 0xa9, 0x7c, 0x8d, 0x5f,
	0x81, 0xa9, 0xff, 0x8d, 0x63, 0x81, 0xa9, 0x11, 0xa0, 0x81, 0x20, 0x07,
	0x75, 0xa9, 0x1c, 0x8d, 0x5d, 0x81, 0xa9, 0x90, 0x8d, 0x5f, 0x81, 0xa9,
	0x31, 0xa0, 0x81, 0x4c, 0x07, 0x75, 0x20, 0x52, 0x7d, 0xad, 0x8a, 0x81,
	0xcd, 0x83, 0x81, 0xd0, 0x21, 0xad, 0x89, 0x81, 0xcd, 0x84, 0x81, 0xd0,
	0x19, 0xad, 0x88, 0x81, 0xcd, 0x85, 0x81, 0xd0, 0x11, 0xad, 0x8b, 0x81,
	0xcd, 0x86, 0x81, 0xd0, 0x09, 0xad, 0x8c, 0x81, 0xcd, 0x87, 0x81, 0xd0,
	0x01, 0x60, 0x20, 0x3c, 0x73, 0x20, 0x82, 0x7c, 0xa2, 0x00, 0xbd, 0xe0,
	0xa0, 0xdd, 0xe0, 0x20, 0xf0, 0x03, 0x9d, 0xe0, 0x20, 0xe8, 0xe0, 0x60,
	0xd0, 0xf0, 0xad, 0x5c, 0x81, 0x85, 0x01, 0x60, 0x20, 0x52, 0x7d, 0xad,
	0x8a, 0x81, 0x8d, 0x83, 0x81, 0xad, 0x89, 0x81, 0x8d, 0x84, 0x81, 0xad,
	0x88, 0x81, 0x8d, 0x85, 0x81, 0xad, 0x8b, 0x81, 0x8d, 0x86, 0x81, 0xad,
	0x8c, 0x81, 0x8d, 0x87, 0x81, 0xa9, 0xe0, 0x8d, 0x5d, 0x81, 0xa9, 0x00,
	0x8d, 0x5e, 0x81, 0x8d, 0x5f, 0x81, 0x8d, 0x61, 0x81, 0xa9, 0x60, 0x8d,
	0x60, 0x81, 0xa9, 0x08, 0x8d, 0x62, 0x81, 0xa9, 0xff, 0x8d, 0x63, 0x81,
	0x20, 0x12, 0x74, 0xa9, 0xe8, 0x8d, 0x5d, 0x81, 0xa9, 0x00, 0x8d, 0x63,
	0x81, 0x8d, 0x5f, 0x81, 0xa9, 0x54, 0xa0, 0x81, 0xae, 0x8c, 0x81, 0xf0,
	0x04, 0xa9, 0x4c, 0xa0, 0x81, 0x8d, 0xc0, 0x74, 0x8c, 0xc1, 0x74, 0xa9,
	0x01, 0x8d, 0x6c, 0x81, 0xa9, 0x08, 0x8d, 0x62, 0x81, 0x20, 0xaa, 0x74,
	0xa9, 0x04, 0x8d, 0x5d, 0x81, 0xa9, 0x01, 0x8d, 0x5e, 0x81, 0x8d, 0x5f,
	0x81, 0xad, 0x8b, 0x81, 0xf0, 0x1b, 0xad, 0x88, 0x81, 0x29, 0x1f, 0xc9,
	0x12, 0xd0, 0x02, 0xa9, 0x00, 0x2c, 0x88, 0x81, 0x10, 0x14, 0x08, 0x78,
	0xf8, 0x18, 0x69, 0x12, 0xd8, 0x28, 0x4c, 0x25, 0x7d, 0xad, 0x88, 0x81,
	0x29, 0x1f, 0xd0, 0x02, 0xa9, 0x12, 0x20, 0x7a, 0x7d, 0xa9, 0x3a, 0x20,
	0x26, 0x75, 0xad, 0x89, 0x81, 0x20, 0x7a, 0x7d, 0xa9, 0x3a, 0x20, 0x26,
	0x75, 0xad, 0x8a, 0x81, 0x20, 0x7a, 0x7d, 0xad, 0x8b, 0x81, 0xd0, 0x0e,
	0xa9, 0xc1, 0x2c, 0x88, 0x81, 0x10, 0x02, 0xa9, 0xd0, 0x29, 0x7f, 0x20,
	0x26, 0x75, 0x60, 0x08, 0x78, 0xad, 0x08, 0xdc, 0xad, 0x0b, 0xdc, 0x8d,
	0x88, 0x81, 0xad, 0x0a, 0xdc, 0x8d, 0x89, 0x81, 0xad, 0x09, 0xdc, 0x8d,
	0x8a, 0x81, 0xad, 0x08, 0xdc, 0xad, 0x44, 0x8f, 0x8d, 0x8b, 0x81, 0xad,
	0x75, 0x8c, 0x8d, 0x8c, 0x81, 0x28, 0x60, 0x48, 0x4a, 0x4a, 0x4a, 0x4a,
	0x18, 0x69, 0x30, 0x20, 0x26, 0x75, 0x68, 0x29, 0x0f, 0x18, 0x69, 0x30,
	0x4c, 0x26, 0x75, 0xa9, 0x00, 0x8d, 0x71, 0x81, 0xad, 0x71, 0x81, 0xc9,
	0x1b, 0x90, 0x1c, 0xc9, 0x20, 0x90, 0x70, 0xc9, 0x3c, 0xf0, 0x6c, 0xc9,
	0x3e, 0xf0, 0x68, 0xc9, 0x3d, 0xf0, 0x64, 0xc9, 0x2a, 0xf0, 0x60, 0xc9,
	0x28, 0xf0, 0x5c, 0xc9, 0x29, 0xf0, 0x58, 0xad, 0x71, 0x81, 0xc9, 0x20,
	0xb0, 0x03, 0x18, 0x69, 0x40, 0x38, 0xe9, 0x20, 0xa2, 0x00, 0x8e, 0x70,
	0x81, 0x0a, 0x2e, 0x70, 0x81, 0x0a, 0x2e, 0x70, 0x81, 0x0a, 0x2e, 0x70,
	0x81, 0x18, 0x69, 0x91, 0x8d, 0x05, 0x7e, 0xad, 0x70, 0x81, 0x69, 0x81,
	0x8d, 0x06, 0x7e, 0xad, 0x71, 0x81, 0xa2, 0x00, 0x8e, 0x70, 0x81, 0x0a,
	0x2e, 0x70, 0x81, 0x0a, 0x2e, 0x70, 0x81, 0x0a, 0x2e, 0x70, 0x81, 0x8d,
	0x09, 0x7e, 0xad, 0x70, 0x81, 0x18, 0x69, 0x44, 0x8d, 0x0a, 0x7e, 0xa0,
	0x07, 0xb9, 0xff, 0xff, 0x4a, 0x99, 0xff, 0xff, 0x88, 0x10, 0xf6, 0xee,
	0x71, 0x81, 0xad, 0x71, 0x81, 0xc9, 0x5c, 0xf0, 0x03, 0x4c, 0x93, 0x7d,
	0x60, 0xad, 0x31, 0x8b, 0x38, 0xed, 0x5f, 0x81, 0xcd, 0x62, 0x81, 0xb0,
	0x24, 0xad, 0x30, 0x8b, 0x0a, 0x8d, 0xee, 0x7f, 0xa9, 0x00, 0x2a, 0x8d,
	0xef, 0x7f, 0xad, 0xee, 0x7f, 0x38, 0xed, 0x5d, 0x81, 0xaa, 0xad, 0xef,
	0x7f, 0xed, 0x5e, 0x81, 0xd0, 0x07, 0xec, 0x60, 0x81, 0xb0, 0x02, 0x38,
	0x60, 0x18, 0x60, 0xad, 0xed, 0x7f, 0x38, 0x60, 0xa0, 0x00, 0xcc, 0xf0,
	0x7f, 0xb0, 0x0c, 0xb9, 0xff, 0xff, 0xf0, 0x07, 0xc9, 0x0d, 0xf0, 0x03,
	0xc8, 0xd0, 0xef, 0x8c, 0x76, 0x81, 0x8d, 0xf2, 0x7f, 0x60, 0xa9, 0x00,
	0x8d, 0xed, 0x7f, 0xae, 0xed, 0x7f, 0xbd, 0x37, 0x66, 0xaa, 0xbd, 0x0b,
	0x80, 0x8d, 0x72, 0x81, 0x8d, 0x5d, 0x81, 0xbd, 0x1a, 0x80, 0x8d, 0x73,
	0x81, 0x8d, 0x5e, 0x81, 0xbd, 0x29, 0x80, 0x8d, 0x5f, 0x81, 0xa9, 0x18,
	0x8d, 0x60, 0x81, 0xa9, 0x10, 0x8d, 0x62, 0x81, 0x20, 0x1c, 0x7e, 0x90,
	0x03, 0x4c, 0x4e, 0x7e, 0xad, 0x5f, 0x81, 0x18, 0x69, 0x13, 0x8d, 0x5f,
	0x81, 0xae, 0xed, 0x7f, 0xbd, 0x4a, 0x80, 0x8d, 0x5b, 0x7e, 0xbd, 0x53,
	0x80, 0x8d, 0x5c, 0x7e, 0xa9, 0x14, 0x8d, 0xf0, 0x7f, 0x20, 0x53, 0x7e,
	0xad, 0x76, 0x81, 0x0a, 0x18, 0x6d, 0x76, 0x81, 0x8d, 0x77, 0x81, 0x0a,
	0x18, 0x69, 0x02, 0x8d, 0x60, 0x81, 0xad, 0x72, 0x81, 0x18, 0x69, 0x0c,
	0x8d, 0x5d, 0x81, 0xad, 0x73, 0x81, 0x69, 0x00, 0x8d, 0x5e, 0x81, 0xad,
	0x5d, 0x81, 0x38, 0xed, 0x77, 0x81, 0x8d, 0x5d, 0x81, 0xb0, 0x03, 0xce,
	0x5e, 0x81, 0xa9, 0x09, 0x8d, 0x62, 0x81, 0x20, 0x1c, 0x7e, 0x90, 0x03,
	0x4c, 0x4e, 0x7e, 0xad, 0xf2, 0x7f, 0xf0, 0x1b, 0xad, 0x76, 0x81, 0x38,
	0x6d, 0x5b, 0x7e, 0x8d, 0x5b, 0x7e, 0x90, 0x03, 0xee, 0x5c, 0x7e, 0xad,
	0x5f, 0x81, 0x18, 0x69, 0x08, 0x8d, 0x5f, 0x81, 0x4c, 0xc0, 0x7e, 0xee,
	0xed, 0x7f, 0xad, 0xed, 0x7f, 0xc9, 0x09, 0xf0, 0x03, 0x4c, 0x72, 0x7e,
	0x18, 0x60, 0x20, 0x52, 0x57, 0xb0, 0x01, 0x60, 0x8d, 0xed, 0x7f, 0x20,
	0xc9, 0x7f, 0xad, 0x5d, 0x81, 0x18, 0x69, 0x10, 0x8d, 0x5d, 0x81, 0xa9,
	0x18, 0x8d, 0x60, 0x81, 0xa9, 0x10, 0x8d, 0x62, 0x81, 0x20, 0x1c, 0x7e,
	0x90, 0x03, 0x4c, 0x4e, 0x7e, 0x20, 0xc9, 0x7f, 0xee, 0x5d, 0x81, 0xee,
	0x5d, 0x81, 0xad, 0x5f, 0x81, 0x18, 0x69, 0x10, 0x8d, 0x5f, 0x81, 0xae,
	0xed, 0x7f, 0xbd, 0xe5, 0x53, 0x8d, 0x5b, 0x7e, 0xbd, 0xf8, 0x53, 0x8d,
	0x5c, 0x7e, 0xa9, 0x0a, 0x8d, 0xf0, 0x7f, 0xa9, 0x02, 0x8d, 0xf1, 0x7f,
	0x20, 0x53, 0x7e, 0xad, 0x76, 0x81, 0xf0, 0x3c, 0x0a, 0x18, 0x6d, 0x76,
	0x81, 0x0a, 0x8d, 0x60, 0x81, 0xa9, 0x07, 0x8d, 0x62, 0x81, 0x20, 0x1c,
	0x7e, 0x90, 0x03, 0x4c, 0x4e, 0x7e, 0xce, 0xf1, 0x7f, 0xf0, 0x21, 0xad,
	0x76, 0x81, 0xc9, 0x0a, 0xd0, 0x1a, 0xad, 0x5b, 0x7e, 0x18, 0x69, 0x0a,
	0x8d, 0x5b, 0x7e, 0x90, 0x03, 0xee, 0x5c, 0x7e, 0xad, 0x5f, 0x81, 0x18,
	0x69, 0x08, 0x8d, 0x5f, 0x81, 0x4c, 0x83, 0x7f, 0x18, 0x60, 0xae, 0xed,
	0x7f, 0xbd, 0xb9, 0x58, 0x0a, 0x0a, 0x0a, 0x8d, 0x5f, 0x81, 0xa9, 0x00,
	0x8d, 0x5e, 0x81, 0xbd, 0xcc, 0x58, 0x0a, 0x2e, 0x5e, 0x81, 0x0a, 0x2e,
	0x5e, 0x81, 0x0a, 0x2e, 0x5e, 0x81, 0x8d, 0x5d, 0x81, 0x60, 0x00, 0x00,
	0x00, 0x00, 0x00, 0x00, 0xff, 0x7f, 0x3f, 0x1f, 0x0f, 0x07, 0x03, 0x01,
	0x80, 0xc0, 0xe0, 0xf0, 0xf8, 0xfc, 0xfe, 0xff, 0x80, 0x40, 0x20, 0x10,
	0x08, 0x04, 0x02, 0x01, 0x10, 0x4c, 0x88, 0xc4, 0x00, 0x10, 0x4c, 0x88,
	0xc4, 0x00, 0x10, 0x4c, 0x88, 0xc4, 0x00, 0x00, 0x00, 0x00, 0x00, 0x01,
	0x00, 0x00, 0x00, 0x00, 0x01, 0x00, 0x00, 0x00, 0x00, 0x01, 0x1c, 0x1c,
	0x1c, 0x1c, 0x1c, 0x52, 0x52, 0x52, 0x52, 0x52, 0x88, 0x88, 0x88, 0x88,
	0x88, 0x91, 0xc1, 0xf1, 0x21, 0x51, 0x81, 0xb1, 0xe1, 0x11, 0x84, 0x84,
	0x84, 0x85, 0x85, 0x85, 0x85, 0x85, 0x86, 0x95, 0x9c, 0xa4, 0xa8, 0xb0,
	0xb8, 0xbe, 0xc8, 0xd6, 0x80, 0x80, 0x80, 0x80, 0x80, 0x80, 0x80, 0x80,
	0x80, 0x00, 0x30, 0x50, 0x70, 0x90, 0x30, 0x20, 0x20, 0x20, 0x20, 0x00,
	0x30, 0x50, 0x70, 0x90, 0x78, 0x80, 0x80, 0x70, 0x88, 0x7a, 0x81, 0x86,
	0x8b, 0x90, 0x80, 0x80, 0x80, 0x80, 0x80, 0xd4, 0xc5, 0xc5, 0xce, 0xd3,
	0xd9, 0x00, 0xc6, 0xc9, 0xcc, 0xc5, 0x00, 0xc5, 0xc4, 0xc9, 0xd4, 0x00,
	0xd6, 0xc9, 0xc5, 0xd7, 0x00, 0xc4, 0xc9, 0xd3, 0xcb, 0x00, 0xd4, 0xc5,
	0xc5, 0xce, 0xd3, 0xd9, 0x00, 0xd3, 0xc4, 0x20, 0xc3, 0xc1, 0xd2, 0xc4,
	0x00, 0xd5, 0xd3, 0xc2, 0x00, 0xc4, 0xd2, 0xc9, 0xd6, 0xc5, 0x20, 0x38,
	0x00, 0xc4, 0xd2, 0xc9, 0xd6, 0xc5, 0x20, 0x39, 0x00, 0xc7, 0xc1, 0xcd,
	0xc5, 0xd3, 0x00, 0xd5, 0xd4, 0xc9, 0xcc, 0xc9, 0xd4, 0xc9, 0xc5, 0xd3,
	0x00, 0xc3, 0xcf, 0xce, 0xd4, 0xd2, 0xcf, 0xcc, 0x0d, 0xd0, 0xc1, 0xce,
	0xc5, 0xcc, 0x00, 0xd4, 0xd2, 0xc1, 0xd3, 0xc8, 0x00, 0xc9, 0xc3, 0xcf,
	0xce, 0xd3, 0x00, 0xcd, 0xcf, 0xd6, 0xc5, 0x20, 0xc9, 0xc3, 0xcf, 0xce,
	0x3a, 0x20, 0xc1, 0xd2, 0xd2, 0xcf, 0xd7, 0xd3, 0x20, 0x20, 0x20, 0xd2,
	0xc5, 0xd4, 0xd5, 0xd2, 0xce, 0x3a, 0x20, 0xd3, 0xc1, 0xd6, 0xc5, 0x00,
	0xc3, 0xcf, 0xce, 0xd4, 0xd2, 0xcf, 0xcc, 0x20, 0xd0, 0xc1, 0xce, 0xc5,
	0xcc, 0x00, 0xc4, 0xcf, 0xd5, 0xc2, 0xcc, 0xc5, 0x20, 0xc3, 0xcc, 0xc9,
	0xc3, 0xcb, 0x20, 0xc1, 0x20, 0xc3, 0xc1, 0xd4, 0xc5, 0xc7, 0xcf, 0xd2,
	0xd9, 0x20, 0xd4, 0xcf, 0x20, 0xcf, 0xd0, 0xc5, 0xce, 0x00, 0xc6, 0xc9,
	0xd2, 0xcd, 0xd7, 0xc1, 0xd2, 0xc5, 0x20, 0xd5, 0xd0, 0xc4, 0xc1, 0xd4,
	0xc5, 0x3a, 0x20, 0xc6, 0xc9, 0xcc, 0xc5, 0x20, 0xcd, 0xc5, 0xce, 0xd5,
	0x00, 0x20, 0x30, 0x38, 0x3c, 0x38, 0x30, 0x20, 0x00, 0x6c, 0x6c, 0x6c,
	0x6c, 0x6c, 0x6c, 0x6c, 0x00, 0x00, 0x00, 0x00, 0x00, 0x00, 0x00, 0x00,
	0x00, 0x00, 0x00, 0x00, 0x00, 0x00, 0x00, 0x00, 0x00, 0x00, 0x00, 0x00,
	0x00, 0x00, 0x00, 0x00, 0x00, 0x00, 0x00, 0x00, 0x00, 0x00, 0x00, 0x00,
	0x00, 0x00, 0x00, 0x00, 0x00, 0x00, 0x00, 0x00, 0xff, 0xff, 0xff, 0xff,
	0xff, 0x00, 0x00, 0x00, 0x00, 0x00, 0x00, 0x00, 0x00, 0x00, 0x00, 0x00,
	0x00, 0x00, 0x00, 0x00, 0x00, 0x00, 0x20, 0x20, 0x20, 0x20, 0x20, 0x00,
	0x20, 0x00, 0x70, 0x88, 0x08, 0x10, 0x20, 0x00, 0x20, 0x00, 0x70, 0x88,
	0x08, 0x10, 0x20, 0x00, 0x20, 0x00, 0x70, 0x88, 0x08, 0x10, 0x20, 0x00,
	0x20, 0x00, 0x70, 0x88, 0x08, 0x10, 0x20, 0x00, 0x20, 0x00, 0x70, 0x88,
	0x08, 0x10, 0x20, 0x00, 0x20, 0x00, 0x70, 0x88, 0x08, 0x10, 0x20, 0x00,
	0x20, 0x00, 0x70, 0x88, 0x08, 0x10, 0x20, 0x00, 0x20, 0x00, 0x70, 0x88,
	0x08, 0x10, 0x20, 0x00, 0x20, 0x00, 0x70, 0x88, 0x08, 0x10, 0x20, 0x00,
	0x20, 0x00, 0x00, 0x20, 0x20, 0xf8, 0x20, 0x20, 0x00, 0x00, 0x70, 0x88,
	0x08, 0x10, 0x20, 0x00, 0x20, 0x00, 0x00, 0x00, 0x00, 0xf8, 0x00, 0x00,
	0x00, 0x00, 0x00, 0x00, 0x00, 0x00, 0x00, 0x30, 0x30, 0x00, 0x08, 0x10,
	0x20, 0x40, 0x80, 0x00, 0x00, 0x00, 0x70, 0x88, 0x98, 0xa8, 0xc8, 0x88,
	0x70, 0x00, 0x20, 0x60, 0x20, 0x20, 0x20, 0x20, 0x70, 0x00, 0x70, 0x88,
	0x08, 0x10, 0x20, 0x40, 0xf8, 0x00, 0xf0, 0x08, 0x08, 0x70, 0x08, 0x08,
	0xf0, 0x00, 0x10, 0x30, 0x50, 0x90, 0xf8, 0x10, 0x10, 0x00, 0xf8, 0x80,
	0x80, 0xf0, 0x08, 0x08, 0xf0, 0x00, 0x70, 0x80, 0x80, 0xf0, 0x88, 0x88,
	0x70, 0x00, 0xf8, 0x08, 0x10, 0x20, 0x40, 0x40, 0x40, 0x00, 0x70, 0x88,
	0x88, 0x70, 0x88, 0x88, 0x70, 0x00, 0x70, 0x88, 0x88, 0x78, 0x08, 0x08,
	0x70, 0x00, 0x00, 0x30, 0x30, 0x00, 0x30, 0x30, 0x00, 0x00, 0x70, 0x88,
	0x08, 0x10, 0x20, 0x00, 0x20, 0x00, 0x70, 0x88, 0x08, 0x10, 0x20, 0x00,
	0x20, 0x00, 0x70, 0x88, 0x08, 0x10, 0x20, 0x00, 0x20, 0x00, 0x70, 0x88,
	0x08, 0x10, 0x20, 0x00, 0x20, 0x00, 0x70, 0x88, 0x08, 0x10, 0x20, 0x00,
	0x20, 0x00, 0x70, 0x88, 0x08, 0x10, 0x20, 0x00, 0x20, 0x00, 0x70, 0x88,
	0x88, 0xf8, 0x88, 0x88, 0x88, 0x00, 0xf0, 0x88, 0x88, 0xf0, 0x88, 0x88,
	0xf0, 0x00, 0x78, 0x80, 0x80, 0x80, 0x80, 0x80, 0x78, 0x00, 0xf0, 0x88,
	0x88, 0x88, 0x88, 0x88, 0xf0, 0x00, 0xf8, 0x80, 0x80, 0xf0, 0x80, 0x80,
	0xf8, 0x00, 0xf8, 0x80, 0x80, 0xf0, 0x80, 0x80, 0x80, 0x00, 0x78, 0x80,
	0x80, 0xb8, 0x88, 0x88, 0x78, 0x00, 0x88, 0x88, 0x88, 0xf8, 0x88, 0x88,
	0x88, 0x00, 0xf8, 0x20, 0x20, 0x20, 0x20, 0x20, 0xf8, 0x00, 0x38, 0x10,
	0x10, 0x10, 0x90, 0x90, 0x60, 0x00, 0x88, 0x90, 0xa0, 0xc0, 0xa0, 0x90,
	0x88, 0x00, 0x80, 0x80, 0x80, 0x80, 0x80, 0x80, 0xf8, 0x00, 0x88, 0xd8,
	0xa8, 0xa8, 0x88, 0x88, 0x88, 0x00, 0x88, 0xc8, 0xa8, 0x98, 0x88, 0x88,
	0x88, 0x00, 0x70, 0x88, 0x88, 0x88, 0x88, 0x88, 0x70, 0x00, 0xf0, 0x88,
	0x88, 0xf0, 0x80, 0x80, 0x80, 0x00, 0x70, 0x88, 0x88, 0x88, 0xa8, 0x90,
	0x68, 0x00, 0xf0, 0x88, 0x88, 0xf0, 0xa0, 0x90, 0x88, 0x00, 0x78, 0x80,
	0x80, 0x70, 0x08, 0x08, 0xf0, 0x00, 0xf8, 0x20, 0x20, 0x20, 0x20, 0x20,
	0x20, 0x00, 0x88, 0x88, 0x88, 0x88, 0x88, 0x88, 0x70, 0x00, 0x88, 0x88,
	0x88, 0x88, 0x88, 0x50, 0x20, 0x00, 0x88, 0x88, 0x88, 0xa8, 0xa8, 0xa8,
	0x50, 0x00, 0x88, 0x88, 0x50, 0x20, 0x50, 0x88, 0x88, 0x00, 0x88, 0x88,
	0x50, 0x20, 0x20, 0x20, 0x20, 0x00, 0xf8, 0x08, 0x10, 0x20, 0x40, 0x80,
	0xf8, 0x00, 0x70, 0x88, 0x08, 0x10, 0x20, 0x00, 0x20, 0x00, 0x70, 0x88,
	0x08, 0x10, 0x20, 0x00, 0x20, 0x00, 0x70, 0x88, 0x08, 0x10, 0x20, 0x00,
	0x20, 0x00, 0x70, 0x88, 0x08, 0x10, 0x20, 0x00, 0x20, 0x00, 0x00, 0x00,
	0x00, 0x00, 0x00, 0x00, 0xf8, 0x00, 0x70, 0x88, 0x08, 0x10, 0x20, 0x00,
	0x20, 0x00, 0x70, 0x88, 0x88, 0xf8, 0x88, 0x88, 0x88, 0x00, 0xf0, 0x88,
	0x88, 0xf0, 0x88, 0x88, 0xf0, 0x00, 0x78, 0x80, 0x80, 0x80, 0x80, 0x80,
	0x78, 0x00, 0xf0, 0x88, 0x88, 0x88, 0x88, 0x88, 0xf0, 0x00, 0xf8, 0x80,
	0x80, 0xf0, 0x80, 0x80, 0xf8, 0x00, 0xf8, 0x80, 0x80, 0xf0, 0x80, 0x80,
	0x80, 0x00, 0x78, 0x80, 0x80, 0xb8, 0x88, 0x88, 0x78, 0x00, 0x88, 0x88,
	0x88, 0xf8, 0x88, 0x88, 0x88, 0x00, 0xf8, 0x20, 0x20, 0x20, 0x20, 0x20,
	0xf8, 0x00, 0x38, 0x10, 0x10, 0x10, 0x90, 0x90, 0x60, 0x00, 0x88, 0x90,
	0xa0, 0xc0, 0xa0, 0x90, 0x88, 0x00, 0x80, 0x80, 0x80, 0x80, 0x80, 0x80,
	0xf8, 0x00, 0x88, 0xd8, 0xa8, 0xa8, 0x88, 0x88, 0x88, 0x00, 0x88, 0xc8,
	0xa8, 0x98, 0x88, 0x88, 0x88, 0x00, 0x70, 0x88, 0x88, 0x88, 0x88, 0x88,
	0x70, 0x00, 0xf0, 0x88, 0x88, 0xf0, 0x80, 0x80, 0x80, 0x00, 0x70, 0x88,
	0x88, 0x88, 0xa8, 0x90, 0x68, 0x00, 0xf0, 0x88, 0x88, 0xf0, 0xa0, 0x90,
	0x88, 0x00, 0x78, 0x80, 0x80, 0x70, 0x08, 0x08, 0xf0, 0x00, 0xf8, 0x20,
	0x20, 0x20, 0x20, 0x20, 0x20, 0x00, 0x88, 0x88, 0x88, 0x88, 0x88, 0x88,
	0x70, 0x00, 0x88, 0x88, 0x88, 0x88, 0x88, 0x50, 0x20, 0x00, 0x88, 0x88,
	0x88, 0xa8, 0xa8, 0xa8, 0x50, 0x00, 0x88, 0x88, 0x50, 0x20, 0x50, 0x88,
	0x88, 0x00, 0x88, 0x88, 0x50, 0x20, 0x20, 0x20, 0x20, 0x00, 0xf8, 0x08,
	0x10, 0x20, 0x40, 0x80, 0xf8, 0x00, 0x70, 0x88, 0x08, 0x10, 0x20, 0x00,
	0x20, 0x00, 0x70, 0x88, 0x08, 0x10, 0x20, 0x00, 0x20, 0x00, 0x70, 0x88,
	0x08, 0x10, 0x20, 0x00, 0x20, 0x00, 0x70, 0x88, 0x08, 0x10, 0x20, 0x00,
	0x20, 0x00, 0x70, 0x88, 0x08, 0x10, 0x20, 0x00, 0x20, 0x00, 0x03, 0x33,
	0x30, 0x03, 0x33, 0x30, 0x0f, 0xff, 0xf0, 0x0f, 0xff, 0xf0, 0x0f, 0xff,
	0xf0, 0x0e, 0x7c, 0x70, 0x0e, 0x10, 0x70, 0x0e, 0x10, 0x70, 0x0e, 0x10,
	0x70, 0x0e, 0x10, 0x70, 0x0e, 0x10, 0x70, 0x0f, 0xff, 0xf0, 0x0f, 0xff,
	0xf0, 0x0f, 0xff, 0xf0, 0x03, 0x33, 0x30, 0x03, 0x33, 0x30, 0x0f, 0xff,
	0xf0, 0x0f, 0xff, 0xf0, 0x0f, 0xff, 0xf0, 0x0f, 0xe4, 0xb0, 0x0c, 0x04,
	0xb0, 0x0c, 0x04, 0xb0, 0x0c, 0x00, 0x30, 0x0c, 0x1e, 0x30, 0x0c, 0x20,
	0x30, 0x0c, 0x20, 0x30, 0x0c, 0x1c, 0x30, 0x0c, 0x02, 0x30, 0x0c, 0x02,
	0x30, 0x0c, 0x3c, 0x30, 0x0f, 0xff, 0xf0, 0x0f, 0xff, 0xf0, 0x00, 0x00,
	0x00, 0x00, 0x00, 0x00, 0x00, 0x00, 0x00, 0x00, 0x00, 0x00, 0x3f, 0xff,
	0x80, 0x3f, 0xff, 0x80, 0x3f, 0xff, 0xfe, 0x38, 0x07, 0xea, 0x38, 0x07,
	0xfe, 0x38, 0x07, 0xfe, 0x3f, 0xff, 0xfe, 0x3f, 0xff, 0x80, 0x3f, 0xff,
	0x80, 0x00, 0x00, 0x00, 0x00, 0x00, 0x00, 0x00, 0x00, 0x00, 0x3f, 0xff,
	0xfc, 0x3f, 0xff, 0xfc, 0x38, 0x01, 0x9c, 0x38, 0x01, 0x9c, 0x38, 0x01,
	0x9c, 0x38, 0x01, 0x9c, 0x38, 0x00, 0x1c, 0x3f, 0xff, 0xfc, 0x3f, 0xff,
	0xfc, 0x3f, 0xff, 0xfc, 0x3c, 0x22, 0x3c, 0x3c, 0x22, 0x3c, 0x3c, 0x1c,
	0x3c, 0x3c, 0x22, 0x3c, 0x3c, 0x22, 0x3c, 0x3f, 0xff, 0xfc, 0x3f, 0xff,
	0xfc, 0x3f, 0xff, 0xfc, 0x38, 0x01, 0x9c, 0x38, 0x01, 0x9c, 0x38, 0x01,
	0x9c, 0x38, 0x01, 0x9c, 0x38, 0x00, 0x1c, 0x3f, 0xff, 0xfc, 0x3f, 0xff,
	0xfc, 0x3f, 0xff, 0xfc, 0x3c, 0x22, 0x3c, 0x3c, 0x22, 0x3c, 0x3c, 0x1e,
	0x3c, 0x3c, 0x02, 0x3c, 0x3c, 0x02, 0x3c, 0x3f, 0xff, 0xfc, 0x00, 0x00,
	0x00, 0x3f, 0xf0, 0x00, 0x3f, 0xf0, 0x00, 0x3f, 0xf0, 0x00, 0xff, 0xff,
	0xff, 0xff, 0xff, 0xff, 0xff, 0xff, 0xff, 0xc0, 0x00, 0x03, 0xc0, 0x00,
	0x03, 0xcf, 0xff, 0xf3, 0xc0, 0x00, 0x03, 0xc0, 0x00, 0x03, 0xc0, 0x00,
	0x03, 0xc0, 0x00, 0x03, 0xff, 0xff, 0xff, 0xff, 0xff, 0xff, 0x00, 0x00,
	0x00, 0x3f, 0xf0, 0x00, 0x3f, 0xf0, 0x00, 0x3f, 0xf0, 0x00, 0xff, 0xff,
	0xff, 0xff, 0xff, 0xff, 0xff, 0xff, 0xff, 0xc0, 0x00, 0x03, 0xc0, 0x00,
	0x03, 0xcf, 0xff, 0xf3, 0xc0, 0x00, 0x03, 0xc0, 0x00, 0x03, 0xc0, 0x00,
	0x03, 0xc0, 0x00, 0x03, 0xff, 0xff, 0xff, 0xff, 0xff, 0xff, 0x7f, 0xff,
	0xfe, 0x7f, 0xff, 0xfe, 0x60, 0xc0, 0x06, 0x60, 0xc0, 0x06, 0x67, 0xff,
	0xe6, 0x60, 0xc0, 0x06, 0x60, 0xc1, 0x86, 0x60, 0x01, 0x86, 0x67, 0xff,
	0xe6, 0x60, 0x01, 0x86, 0x60, 0x19, 0x86, 0x60, 0x18, 0x06, 0x67, 0xff,
	0xe6, 0x60, 0x18, 0x06, 0x7f, 0xff, 0xfe, 0x7f, 0xff, 0xfe, 0x01, 0xff,
	0x80, 0x01, 0xff, 0x80, 0x00, 0x00, 0x00, 0x1f, 0xff, 0xf8, 0x1f, 0xff,
	0xf8, 0x07, 0xff, 0xe0, 0x07, 0xff, 0xe0, 0x07, 0x33, 0x60, 0x07, 0x33,
	0x60, 0x07, 0x33, 0x60, 0x07, 0x33, 0x60, 0x07, 0x33, 0x60, 0x07, 0x33,
	0x60, 0x07, 0x33, 0x60, 0x07, 0xff, 0xe0, 0x07, 0xff, 0xe0, 0x00, 0x3f,
	0x3f, 0x3f, 0xff, 0xff, 0xff, 0xc0, 0x00, 0xf0, 0xf0, 0xf0, 0xff, 0xff,
	0xff, 0x00, 0x00, 0x00, 0x00, 0x00, 0xff, 0xff, 0xff, 0x03, 0xc0, 0xcf,
	0xc0, 0xc0, 0xc0, 0xc0, 0xff, 0xff, 0x00, 0xff, 0x00, 0x00, 0x00, 0x00,
	0xff, 0xff, 0x03, 0xf3, 0x03, 0x03, 0x03, 0x03, 0xff, 0xff, 0x3f, 0x3f,
	0x38, 0x38, 0x38, 0x38, 0x38, 0x3f, 0xff, 0xff, 0x01, 0x01, 0x01, 0x01,
	0x00, 0xff, 0xfc, 0xfc, 0x9c, 0x9c, 0x9c, 0x9c, 0x1c, 0xfc, 0x3f, 0x3f,
	0x3c, 0x3c, 0x3c, 0x3c, 0x3c, 0x3f, 0xff, 0xff, 0x00, 0x00, 0x00, 0x00,
	0x00, 0xff, 0xfc, 0xfc, 0x3c, 0x3c, 0x3c, 0x3c, 0x3c, 0xfc, 0x00, 0x07,
	0x04, 0x04, 0x04, 0x04, 0x04, 0x04, 0x00, 0xff, 0x02, 0x02, 0x02, 0x03,
	0x00, 0x00, 0x00, 0xe0, 0x20, 0x20, 0x20, 0xe0, 0x20, 0x20, 0x04, 0x04,
	0x04, 0x04, 0x04, 0x04, 0x07, 0x00, 0xff, 0x00, 0xff, 0x00, 0xfe, 0x00,
	0xff, 0x00, 0x20, 0x20, 0x20, 0x20, 0x20, 0x20, 0xe0, 0x00, 0x00, 0x00,
	0x3f, 0x2a, 0x20, 0x3f, 0x20, 0x20, 0x00, 0x00, 0xff, 0x80, 0x00, 0xff,
	0x00, 0x00, 0x00, 0x00, 0xfc, 0x04, 0x04, 0xfc, 0x04, 0x04, 0x27, 0x24,
	0x24, 0x24, 0x27, 0x20, 0x3f, 0x00, 0xe7, 0x20, 0x27, 0x20, 0xe7, 0x00,
	0xff, 0x00, 0xe4, 0x04, 0xe4, 0x04, 0xc4, 0x04, 0xfc, 0x00, 0x08, 0x78,
	0xa9, 0x00, 0x8d, 0x19, 0x8b, 0x8d, 0x1a, 0x8b, 0x8d, 0x1b, 0x8b, 0x8d,
	0x1c, 0x8b, 0x8d, 0x1d, 0x8b, 0x8d, 0x1e, 0x8b, 0x8d, 0x2b, 0x8b, 0x8d,
	0x2a, 0x8b, 0x8d, 0x2c, 0x8b, 0x8d, 0x2d, 0x8b, 0x8d, 0x34, 0x8b, 0xa9,
	0xff, 0x8d, 0x29, 0x8b, 0xa9, 0x50, 0x8d, 0x1f, 0x8b, 0xa9, 0x64, 0x8d,
	0x20, 0x8b, 0xa2, 0x3f, 0xbd, 0xd9, 0x8a, 0x9d, 0x40, 0x03, 0xca, 0x10,
	0xf7, 0xa9, 0x0d, 0x8d, 0xf8, 0x07, 0xa9, 0x00, 0x8d, 0x27, 0xd0, 0xad,
	0x15, 0xd0, 0x29, 0xfe, 0x8d, 0x15, 0xd0, 0xad, 0x17, 0xd0, 0x29, 0xfe,
	0x8d, 0x17, 0xd0, 0xad, 0x1d, 0xd0, 0x29, 0xfe, 0x8d, 0x1d, 0xd0, 0xad,
	0x1c, 0xd0, 0x29, 0xfe, 0x8d, 0x1c, 0xd0, 0xad, 0x1b, 0xd0, 0x29, 0xfe,
	0x8d, 0x1b, 0xd0, 0x28, 0x60, 0xad, 0x15, 0xd0, 0x29, 0xfe, 0x8d, 0x15,
	0xd0, 0x60, 0x20, 0x74, 0x87, 0xa9, 0x00, 0x8d, 0x1b, 0x8b, 0x8d, 0x2d,
	0x8b, 0x8d, 0x34, 0x8b, 0x60, 0xad, 0xb0, 0x51, 0xd0, 0x05, 0x20, 0x7d,
	0x87, 0x18, 0x60, 0xad, 0x1a, 0x8b, 0xd0, 0x05, 0x20, 0x7d, 0x87, 0x18,
	0x60, 0xa9, 0x01, 0x8d, 0x1b, 0x8b, 0x08, 0x78, 0xad, 0x1f, 0x8b, 0x8d,
	0x30, 0x8b, 0xad, 0x20, 0x8b, 0x8d, 0x31, 0x8b, 0xad, 0x2d, 0x8b, 0x8d,
	0x2e, 0x8b, 0xad, 0x2b, 0x8b, 0x8d, 0x2f, 0x8b, 0xa9, 0x00, 0x8d, 0x2d,
	0x8b, 0x28, 0x20, 0xd5, 0x88, 0x20, 0xa4, 0x65, 0xad, 0x34, 0x8b, 0xf0,
	0x15, 0xad, 0x35, 0x8b, 0x48, 0x20, 0x4c, 0x5b, 0x8d, 0x36, 0x8b, 0x68,
	0xcd, 0x36, 0x8b, 0xf0, 0x05, 0xa9, 0x00, 0x8d, 0x34, 0x8b, 0xad, 0x2e,
	0x8b, 0xd0, 0x02, 0x18, 0x60, 0xad, 0x30, 0x8b, 0x4a, 0x4a, 0xaa, 0xad,
	0x31, 0x8b, 0x4a, 0x4a, 0x4a, 0xa8, 0x4c, 0x7a, 0x63, 0xc0, 0x00, 0xf0,
	0x0f, 0xc0, 0x01, 0xf0, 0x1e, 0xc0, 0x16, 0xf0, 0x36, 0xc0, 0x18, 0xf0,
	0x59, 0x4c, 0x8c, 0x88, 0xe0, 0x13, 0xb0, 0x03, 0x4c, 0xc5, 0x88, 0xe0,
	0x1b, 0x90, 0x03, 0x4c, 0xc5, 0x88, 0xa9, 0xd6, 0x4c, 0xcc, 0x88, 0xe0,
	0x19, 0xb0, 0x03, 0x4c, 0xc5, 0x88, 0xe0, 0x1e, 0x90, 0x0c, 0xe0, 0x28,
	0x90, 0x03, 0x4c, 0xc5, 0x88, 0xa9, 0xf1, 0x4c, 0xcc, 0x88, 0xa9, 0xf0,
	0x4c, 0xcc, 0x88, 0xe0, 0x0a, 0x90, 0x0f, 0xe0, 0x11, 0x90, 0x10, 0xe0,
	0x19, 0x90, 0x11, 0xe0, 0x23, 0x90, 0x12, 0x4c, 0xc5, 0x88, 0xa9, 0x85,
	0x4c, 0xcc, 0x88, 0xa9, 0x86, 0x4c, 0xcc, 0x88, 0xa9, 0x87, 0x4c, 0xcc,
	0x88, 0xa9, 0x88, 0x4c, 0xcc, 0x88, 0xe0, 0x09, 0x90, 0x0f, 0xe0, 0x13,
	0x90, 0x10, 0xe0, 0x1d, 0x90, 0x11, 0xe0, 0x26, 0x90, 0x12, 0x4c, 0xc5,
	0x88, 0xa9, 0x5e, 0x4c, 0xcc, 0x88, 0xa9, 0x13, 0x4c, 0xcc, 0x88, 0xa9,
	0x8a, 0x4c, 0xcc, 0x88, 0xa9, 0x8c, 0x4c, 0xcc, 0x88, 0x20, 0x31, 0x7f,
	0x90, 0x34, 0x8d, 0x36, 0x8b, 0xad, 0x34, 0x8b, 0xf0, 0x19, 0xad, 0x35,
	0x8b, 0xcd, 0x36, 0x8b, 0xd0, 0x11, 0xad, 0x0c, 0xde, 0xcd, 0x36, 0x8b,
	0xd0, 0x09, 0xa9, 0x00, 0x8d, 0x34, 0x8b, 0xa9, 0x0d, 0x38, 0x60, 0xad,
	0x36, 0x8b, 0x8d, 0x35, 0x8b, 0xa9, 0x01, 0x8d, 0x34, 0x8b, 0xad, 0x36,
	0x8b, 0x20, 0x26, 0x57, 0x18, 0x60, 0xa9, 0x00, 0x8d, 0x34, 0x8b, 0x18,
	0x60, 0x48, 0xa9, 0x00, 0x8d, 0x34, 0x8b, 0x68, 0x38, 0x60, 0xa9, 0x0d,
	0x8d, 0xf8, 0x07, 0xa9, 0x00, 0x8d, 0x27, 0xd0, 0xad, 0x30, 0x8b, 0x0a,
	0x8d, 0x32, 0x8b, 0xa9, 0x00, 0x69, 0x00, 0x8d, 0x33, 0x8b, 0xad, 0x32,
	0x8b, 0x18, 0x69, 0x18, 0x8d, 0x00, 0xd0, 0xad, 0x33, 0x8b, 0x69, 0x00,
	0x29, 0x01, 0x8d, 0x33, 0x8b, 0xad, 0x10, 0xd0, 0x29, 0xfe, 0x0d, 0x33,
	0x8b, 0x8d, 0x10, 0xd0, 0xad, 0x31, 0x8b, 0x18, 0x69, 0x32, 0x8d, 0x01,
	0xd0, 0xad, 0x17, 0xd0, 0x29, 0xfe, 0x8d, 0x17, 0xd0, 0xad, 0x1d, 0xd0,
	0x29, 0xfe, 0x8d, 0x1d, 0xd0, 0xad, 0x1c, 0xd0, 0x29, 0xfe, 0x8d, 0x1c,
	0xd0, 0xad, 0x1b, 0xd0, 0x29, 0xfe, 0x8d, 0x1b, 0xd0, 0xad, 0x15, 0xd0,
	0x09, 0x01, 0x8d, 0x15, 0xd0, 0x60, 0xad, 0x19, 0xd4, 0x8d, 0x23, 0x8b,
	0xad, 0x1a, 0xd4, 0x8d, 0x24, 0x8b, 0xa9, 0x00, 0x8d, 0x03, 0xdc, 0x8d,
	0x02, 0xdc, 0xad, 0x01, 0xdc, 0x8d, 0x28, 0x8b, 0xa2, 0xff, 0xc9, 0xff,
	0xd0, 0x03, 0xae, 0x00, 0xdc, 0x8e, 0x29, 0x8b, 0xce, 0x02, 0xdc, 0xad,
	0x28, 0x8b, 0xc9, 0xff, 0xf0, 0x08, 0xce, 0x03, 0xdc, 0xa9, 0x00, 0x8d,
	0x01, 0xdc, 0xad, 0x28, 0x8b, 0x29, 0x10, 0xd0, 0x04, 0xa9, 0x01, 0xd0,
	0x02, 0xa9, 0x00, 0x8d, 0x2a, 0x8b, 0xad, 0x19, 0x8b, 0xd0, 0x18, 0xad,
	0x23, 0x8b, 0x8d, 0x21, 0x8b, 0xad, 0x24, 0x8b, 0x8d, 0x22, 0x8b, 0xad,
	0x2a, 0x8b, 0x8d, 0x2b, 0x8b, 0xa9, 0x01, 0x8d, 0x19, 0x8b, 0x60, 0xa9,
	0x00, 0x8d, 0x1e, 0x8b, 0xad, 0x23, 0x8b, 0xac, 0x21, 0x8b, 0x20, 0x59,
	0x8a, 0x90, 0x0c, 0x8c, 0x21, 0x8b, 0x8d, 0x27, 0x8b, 0x20, 0x82, 0x8a,
	0x20, 0xc5, 0x8a, 0xad, 0x24, 0x8b, 0xac, 0x22, 0x8b, 0x20, 0x59, 0x8a,
	0x90, 0x0c, 0x8c, 0x22, 0x8b, 0x8d, 0x27, 0x8b, 0x20, 0xa1, 0x8a, 0x20,
	0xc5, 0x8a, 0xad, 0x1a, 0x8b, 0xd0, 0x4b, 0xad, 0x1e, 0x8b, 0xf0, 0x1a,
	0xee, 0x1c, 0x8b, 0xad, 0x1c, 0x8b, 0xc9, 0x03, 0x90, 0x15, 0xa9, 0x01,
	0x8d, 0x1a, 0x8b, 0xa9, 0x00, 0x8d, 0x1c, 0x8b, 0x8d, 0x1d, 0x8b, 0x4c,
	0x52, 0x8a, 0xa9, 0x00, 0x8d, 0x1c, 0x8b, 0xad, 0x2a, 0x8b, 0xf0, 0x1a,
	0xee, 0x1d, 0x8b, 0xad, 0x1d, 0x8b, 0xc9, 0x02, 0x90, 0x45, 0xa9, 0x01,
	0x8d, 0x1a, 0x8b, 0xa9, 0x00, 0x8d, 0x1c, 0x8b, 0x8d, 0x1d, 0x8b, 0x4c,
	0x52, 0x8a, 0xa9, 0x00, 0x8d, 0x1d, 0x8b, 0x4c, 0x52, 0x8a, 0xad, 0x2a,
	0x8b, 0xcd, 0x2b, 0x8b, 0xf0, 0x1f, 0xee, 0x2c, 0x8b, 0xad, 0x2c, 0x8b,
	0xc9, 0x02, 0x90, 0x1a, 0xad, 0x2a, 0x8b, 0xf0, 0x0a, 0xad, 0x1b, 0x8b,
	0xf0, 0x05, 0xa9, 0x01, 0x8d, 0x2d, 0x8b, 0xad, 0x2a, 0x8b, 0x8d, 0x2b,
	0x8b, 0xa9, 0x00, 0x8d, 0x2c, 0x8b, 0x60, 0xad, 0x2a, 0x8b, 0x8d, 0x2b,
	0x8b, 0x60, 0x8c, 0x25, 0x8b, 0x8d, 0x26, 0x8b, 0x38, 0xed, 0x25, 0x8b,
	0x29, 0x7f, 0xc9, 0x40, 0xb0, 0x08, 0x4a, 0xf0, 0x12, 0xac, 0x26, 0x8b,
	0x38, 0x60, 0x09, 0xc0, 0xc9, 0xff, 0xf0, 0x07, 0x38, 0x6a, 0xac, 0x26,
	0x8b, 0x38, 0x60, 0xa9, 0x00, 0x18, 0x60, 0xad, 0x27, 0x8b, 0x30, 0x0e,
	0x18, 0x6d, 0x1f, 0x8b, 0xc9, 0xa0, 0x90, 0x02, 0xa9, 0x9f, 0x8d, 0x1f,
	0x8b, 0x60, 0x18, 0x6d, 0x1f, 0x8b, 0xb0, 0xf6, 0xa9, 0x00, 0x8d, 0x1f,
	0x8b, 0x60, 0xad, 0x27, 0x8b, 0x49, 0xff, 0x18, 0x69, 0x01, 0x30, 0x0e,
	0x18, 0x6d, 0x20, 0x8b, 0xc9, 0xc8, 0x90, 0x02, 0xa9, 0xc7, 0x8d, 0x20,
	0x8b, 0x60, 0x18, 0x6d, 0x20, 0x8b, 0xb0, 0xf6, 0xa9, 0x00, 0x8d, 0x20,
	0x8b, 0x60, 0xad, 0x27, 0x8b, 0x10, 0x05, 0x49, 0xff, 0x18, 0x69, 0x01,
	0xc9, 0x11, 0xb0, 0x05, 0xa9, 0x01, 0x8d, 0x1e, 0x8b, 0x60, 0x80, 0x00,
	0x00, 0xc0, 0x00, 0x00, 0xe0, 0x00, 0x00, 0xf0, 0x00, 0x00, 0xf8, 0x00,
	0x00, 0xfc, 0x00, 0x00, 0xfe, 0x00, 0x00, 0xff, 0x00, 0x00, 0xfc, 0x00,
	0x00, 0xcc, 0x00, 0x00, 0x86, 0x00, 0x00, 0x06, 0x00, 0x00, 0x03, 0x00,
	0x00, 0x03, 0x00, 0x00, 0x00, 0x00, 0x00, 0x00, 0x00, 0x00, 0x00, 0x00,
	0x00, 0x00, 0x00, 0x00, 0x00, 0x00, 0x00, 0x00, 0x00, 0x00, 0x00, 0x00,
	0x00, 0x00, 0x00, 0x00, 0x00, 0x00, 0x00, 0x00, 0x50, 0x64, 0x00, 0x00,
	0x00, 0x00, 0x00, 0x00, 0x00, 0xff, 0xff, 0x00, 0x00, 0x00, 0x00, 0x00,
	0x00, 0x50, 0x64, 0x00, 0x00, 0x00, 0x00, 0x00, 0xad, 0x03, 0xde, 0x85,
	0xfb, 0xad, 0x03, 0xde, 0x85, 0xfc, 0xa0, 0x00, 0xad, 0x02, 0xde, 0xf0,
	0x1a, 0xad, 0x03, 0xde, 0x91, 0xfb, 0xc8, 0xd0, 0xf3, 0xe6, 0xfc, 0x4c,
	0x48, 0x03, 0x0d, 0x52, 0x55, 0x4e, 0x4e, 0x49, 0x4e, 0x47, 0x2e, 0x2e,
	0x2e, 0x0d, 0x00, 0xa6, 0xfc, 0x98, 0x18, 0x65, 0xfb, 0x90, 0x01, 0xe8,
	0x85, 0x2d, 0x86, 0x2e, 0x85, 0xae, 0x86, 0xaf, 0xa9, 0x05, 0x8d, 0x04,
	0xde, 0xad, 0xfe, 0xde, 0xc9, 0xff, 0xd0, 0xf9, 0xa9, 0x00, 0xd0, 0x07,
	0xa9, 0x5a, 0xa0, 0x03, 0x20, 0x1e, 0xab, 0x20, 0x59, 0xa6, 0x20, 0x33,
	0xa5, 0xad, 0xf5, 0xf7, 0xc9, 0x33, 0xd0, 0x08, 0xa9, 0x72, 0x85, 0xb0,
	0xa9, 0xf6, 0x85, 0xb1, 0xa9, 0x08, 0x85, 0xba, 0x4c, 0xae, 0xa7, 0x20,
	0x4e, 0x8e, 0xf0, 0x06, 0xa9, 0xff, 0x8d, 0x75, 0x8c, 0x60, 0xad, 0x1a,
	0xde, 0x8d, 0xe4, 0x8b, 0xad, 0x19, 0xde, 0x8d, 0xe5, 0x8b, 0xad, 0x1c,
	0xde, 0x8d, 0x87, 0x8c, 0xad, 0x1b, 0xde, 0x8d, 0x88, 0x8c, 0xa9, 0x00,
	0x8d, 0x8c, 0x8c, 0xad, 0x1c, 0xde, 0xd0, 0x05, 0xad, 0x1b, 0xde, 0xf0,
	0x03, 0x20, 0xf7, 0x8b, 0x78, 0xa9, 0x35, 0x85, 0x01, 0xad, 0x22, 0xde,
	0x20, 0xfe, 0xff, 0xa9, 0x37, 0x85, 0x01, 0x58, 0x60, 0xad, 0x75, 0x8c,
	0x49, 0x01, 0x8d, 0x75, 0x8c, 0xd0, 0x59, 0x60, 0x78, 0xa9, 0x7f, 0x8d,
	0x0d, 0xdc, 0x8d, 0x0d, 0xdd, 0xad, 0x0d, 0xdc, 0xad, 0x0d, 0xdd, 0x0e,
	0x19, 0xd0, 0x20, 0x79, 0x8e, 0xa9, 0x61, 0x8d, 0x14, 0x03, 0xa9, 0x8c,
	0x8d, 0x15, 0x03, 0xa9, 0x81, 0x8d, 0x0d, 0xdc, 0xad, 0x0e, 0xdc, 0x29,
	0x80, 0x09, 0x11, 0x8d, 0x0e, 0xdc, 0x58, 0x60, 0x78, 0xad, 0xc4, 0x8c,
	0xae, 0xc5, 0x8c, 0x8d, 0x14, 0x03, 0x8e, 0x15, 0x03, 0xa9, 0x81, 0x8d,
	0x0d, 0xdc, 0xa9, 0x00, 0x8d, 0x1a, 0xd0, 0xee, 0x19, 0xd0, 0xad, 0x0d,
	0xdc, 0xa9, 0x00, 0x8d, 0x03, 0xdc, 0xa9, 0xff, 0x8d, 0x02, 0xdc, 0x58,
	0xad, 0xc0, 0x93, 0x8d, 0x20, 0xd0, 0xa9, 0x00, 0x8d, 0x04, 0xd4, 0x8d,
	0x0b, 0xd4, 0x8d, 0x12, 0xd4, 0x60, 0x20, 0x3d, 0x89, 0xad, 0x0d, 0xdc,
	0xd0, 0x0b, 0xa9, 0x01, 0x8d, 0x3d, 0x4c, 0x8d, 0x25, 0xde, 0x4c, 0xc3,
	0x8c, 0xa9, 0x01, 0xd0, 0x4b, 0xa9, 0x00, 0xf0, 0x03, 0xee, 0x20, 0xd0,
	0xa5, 0x01, 0x48, 0xa9, 0x35, 0x85, 0x01, 0x20, 0xfe, 0xff, 0xa2, 0x00,
	0xa9, 0x00, 0x4a, 0x90, 0x0c, 0x8e, 0x00, 0xd4, 0x8e, 0x01, 0xd4, 0x8e,
	0x05, 0xd4, 0x8e, 0x06, 0xd4, 0x4a, 0x90, 0x0c, 0x8e, 0x07, 0xd4, 0x8e,
	0x08, 0xd4, 0x8e, 0x0c, 0xd4, 0x8e, 0x0d, 0xd4, 0x4a, 0x90, 0x0c, 0x8e,
	0x0e, 0xd4, 0x8e, 0x0f, 0xd4, 0x8e, 0x13, 0xd4, 0x8e, 0x14, 0xd4, 0x68,
	0x85, 0x01, 0xad, 0xc0, 0x93, 0x8d, 0x20, 0xd0, 0x4c, 0x31, 0xea, 0x20,
	0xdf, 0x8e, 0xa9, 0x30, 0xa0, 0x91, 0x20, 0x9a, 0x8e, 0xa9, 0x05, 0x20,
	0x8b, 0x8e, 0xa9, 0x5d, 0xa0, 0x91, 0x20, 0x9a, 0x8e, 0xa9, 0x06, 0x20,
	0x8b, 0x8e, 0xa9, 0x73, 0xa0, 0x91, 0x20, 0x9a, 0x8e, 0xa9, 0xad, 0xa0,
	0x92, 0x20, 0x9a, 0x8e, 0xad, 0xbf, 0x93, 0x8d, 0xe7, 0xdb, 0xa9, 0xf0,
	0x8d, 0xe7, 0x07, 0x20, 0xe8, 0x8d, 0x20, 0x35, 0x8e, 0x20, 0x14, 0x8e,
	0x20, 0x0a, 0x8f, 0x20, 0x3c, 0x4c, 0xf0, 0xf8, 0xc9, 0x9d, 0xd0, 0x0b,
	0xa9, 0x04, 0x8d, 0x21, 0xde, 0x20, 0x7e, 0x8e, 0x4c, 0x00, 0x8d, 0xc9,
	0x1d, 0xd0, 0x05, 0xa9, 0x03, 0x4c, 0x11, 0x8d, 0xc9, 0x91, 0xd0, 0x05,
	0xa9, 0x01, 0x4c, 0x11, 0x8d, 0xc9, 0x11, 0xd0, 0x05, 0xa9, 0x02, 0x4c,
	0x11, 0x8d, 0xc9, 0x4c, 0xd0, 0x05, 0xa9, 0x06, 0x4c, 0x11, 0x8d, 0xc9,
	0x44, 0xd0, 0x06, 0x20, 0x79, 0x8e, 0x4c, 0x00, 0x8d, 0xc9, 0x31, 0xd0,
	0x0e, 0xa9, 0x01, 0x4d, 0x8c, 0x8c, 0x8d, 0x8c, 0x8c, 0x20, 0x35, 0x8e,
	0x4c, 0x03, 0x8d, 0xc9, 0x32, 0xd0, 0x05, 0xa9, 0x02, 0x4c, 0x4e, 0x8d,
	0xc9, 0x33, 0xd0, 0x05, 0xa9, 0x04, 0x4c, 0x4e, 0x8d, 0xc9, 0x2b, 0xd0,
	0x17, 0xae, 0x22, 0xde, 0xec, 0x23, 0xde, 0xd0, 0x02, 0xa2, 0xff, 0xe8,
	0x8e, 0x22, 0xde, 0x20, 0xdb, 0x8b, 0x20, 0xe8, 0x8d, 0x4c, 0x03, 0x8d,
	0xc9, 0x2d, 0xd0, 0x16, 0xae, 0x22, 0xde, 0xd0, 0x04, 0xae, 0x23, 0xde,
	0xe8, 0xca, 0x8e, 0x22, 0xde, 0x20, 0xdb, 0x8b, 0x20, 0xe8, 0x8d, 0x4c,
	0x03, 0x8d, 0xc9, 0x8a, 0xd0, 0x06, 0x20, 0xec, 0x8b, 0x4c, 0x03, 0x8d,
	0xc9, 0x50, 0xf0, 0xf6, 0xc9, 0x42, 0xd0, 0x0b, 0xad, 0x79, 0x8c, 0x49,
	0x01, 0x8d, 0x79, 0x8c, 0x4c, 0x03, 0x8d, 0xc9, 0x53, 0xd0, 0x1a, 0xa9,
	0x0f, 0x8d, 0x04, 0xde, 0x20, 0x0d, 0x4e, 0xa2, 0x16, 0xa0, 0x21, 0x18,
	0x20, 0xf0, 0xff, 0xa9, 0xb5, 0xa0, 0x93, 0x20, 0x9a, 0x8e, 0x4c, 0x03,
	0x8d, 0xc9, 0x85, 0xf0, 0x07, 0xc9, 0x20, 0xf0, 0x03, 0x4c, 0x03, 0x8d,
	0x60, 0xad, 0xc5, 0x93, 0x8d, 0x86, 0x02, 0xa2, 0x0f, 0xa0, 0x1a, 0x18,
	0x20, 0xf0, 0xff, 0xae, 0x22, 0xde, 0xe8, 0x8a, 0x20, 0xcf, 0x8f, 0xa9,
	0x2f, 0x20, 0xd2, 0xff, 0xae, 0x23, 0xde, 0xe8, 0x8a, 0x20, 0xcf, 0x8f,
	0xa9, 0x20, 0x20, 0xd2, 0xff, 0x20, 0xd2, 0xff, 0x60, 0xad, 0xc5, 0x93,
	0x8d, 0x86, 0x02, 0xa2, 0x10, 0xa0, 0x1a, 0x18, 0x20, 0xf0, 0xff, 0xa9,
	0x07, 0x20, 0x8b, 0x8e, 0xa2, 0x11, 0xa0, 0x1a, 0x18, 0x20, 0xf0, 0xff,
	0xa9, 0x08, 0x20, 0x8b, 0x8e, 0x60, 0xa2, 0x00, 0xad, 0x8c, 0x8c, 0xbc,
	0x42, 0x92, 0x4a, 0x90, 0x02, 0xa0, 0xd8, 0x48, 0x98, 0x9d, 0x3e, 0x07,
	0x68, 0xe8, 0xe0, 0x03, 0xd0, 0xed, 0x60, 0xad, 0x02, 0xde, 0xf0, 0x1d,
	0xad, 0x03, 0xde, 0x85, 0xfb, 0xad, 0x03, 0xde, 0x85, 0xfc, 0xa0, 0x00,
	0xad, 0x02, 0xde, 0xf0, 0x14, 0xad, 0x03, 0xde, 0x91, 0xfb, 0xc8, 0xd0,
	0xf3, 0xe6, 0xfc, 0xd0, 0xef, 0x20, 0x3c, 0x50, 0x20, 0xe2, 0x4d, 0xa9,
	0x01, 0x60, 0xa9, 0x05, 0x8d, 0x21, 0xde, 0xad, 0x20, 0xde, 0x8d, 0x04,
	0xdc, 0xad, 0x1f, 0xde, 0x8d, 0x05, 0xdc, 0x60, 0x8d, 0x17, 0xde, 0xad,
	0x17, 0xde, 0xf0, 0x06, 0x20, 0xd2, 0xff, 0x4c, 0x8e, 0x8e, 0x60, 0x8d,
	0xd6, 0x8e, 0x8c, 0xd7, 0x8e, 0xa0, 0x00, 0x20, 0xd5, 0x8e, 0xc9, 0x00,
	0xf0, 0x35, 0xc9, 0x01, 0xf0, 0x06, 0x20, 0xd2, 0xff, 0x4c, 0xa2, 0x8e,
	0x20, 0xd5, 0x8e, 0xaa, 0x29, 0xc0, 0xc9, 0x80, 0xd0, 0x0f, 0x8a, 0x29,
	0x3f, 0xaa, 0xa9, 0x20, 0x20, 0xd2, 0xff, 0xca, 0xd0, 0xfa, 0x4c, 0xa2,
	0x8e, 0xbd, 0xbf, 0x93, 0x8d, 0x86, 0x02, 0x4c, 0xa2, 0x8e, 0xb9, 0xfe,
	0xff, 0xc8, 0xd0, 0x03, 0xee, 0xd7, 0x8e, 0x60, 0xa9, 0x00, 0x8d, 0x2b,
	0x73, 0x20, 0x3c, 0x50, 0x20, 0x7d, 0x87, 0xa9, 0x2a, 0xa0, 0x90, 0x20,
	0x9a, 0x8e, 0xa9, 0x03, 0x20, 0x8b, 0x8e, 0x38, 0x20, 0xf0, 0xff, 0xa9,
	0x20, 0x20, 0xd2, 0xff, 0xc8, 0xc0, 0x28, 0xd0, 0xf8, 0xa9, 0x92, 0x20,
	0xd2, 0xff, 0x60, 0xad, 0x2a, 0x73, 0xf0, 0x03, 0x4c, 0x00, 0x72, 0xad,
	0x2b, 0x73, 0xf0, 0x07, 0xa2, 0x00, 0xa0, 0x1e, 0x4c, 0x22, 0x8f, 0xa2,
	0x01, 0xa0, 0x1d, 0x18, 0x20, 0xf0, 0xff, 0xad, 0x2b, 0x73, 0xf0, 0x05,
	0xa9, 0x12, 0x20, 0xd2, 0xff, 0xad, 0x2b, 0x73, 0xf0, 0x04, 0xa9, 0x00,
	0xd0, 0x03, 0xad, 0xc2, 0x93, 0x8d, 0x86, 0x02, 0xad, 0x0b, 0xdc, 0xa8,
	0xa2, 0x00, 0xf0, 0x2f, 0xa9, 0x20, 0x20, 0xd2, 0xff, 0x20, 0xd2, 0xff,
	0x98, 0xc9, 0x12, 0xd0, 0x04, 0xa9, 0x00, 0xf0, 0x18, 0xc9, 0x92, 0xf0,
	0x11, 0x29, 0x80, 0xf0, 0x0d, 0x98, 0x29, 0x1f, 0x18, 0x78, 0xf8, 0x69,
	0x12, 0xd8, 0x58, 0x4c, 0x70, 0x8f, 0x98, 0x29, 0x1f, 0x20, 0x0a, 0x90,
	0x4c, 0x93, 0x8f, 0x29, 0x1f, 0xd0, 0x04, 0x98, 0x09, 0x12, 0xa8, 0x98,
	0x29, 0x10, 0xd0, 0x05, 0xa9, 0x20, 0x4c, 0x8a, 0x8f, 0xa9, 0x31, 0x20,
	0xd2, 0xff, 0x98, 0x29, 0x0f, 0x20, 0x17, 0x90, 0xa9, 0x3a, 0x20, 0xd2,
	0xff, 0xad, 0x0a, 0xdc, 0x20, 0x0a, 0x90, 0xa9, 0x3a, 0x20, 0xd2, 0xff,
	0xad, 0x09, 0xdc, 0x20, 0x0a, 0x90, 0xad, 0x08, 0xdc, 0xe0, 0x00, 0xd0,
	0x14, 0x98, 0x29, 0x80, 0xd0, 0x05, 0xa9, 0x41, 0x4c, 0xbc, 0x8f, 0xa9,
	0x50, 0x20, 0xd2, 0xff, 0xa9, 0x4d, 0x20, 0xd2, 0xff, 0xad, 0x2b, 0x73,
	0xf0, 0x05, 0xa9, 0x92, 0x20, 0xd2, 0xff, 0x60, 0xa2, 0x00, 0xc9, 0x0a,
	0x30, 0x2e, 0xc9, 0x64, 0x30, 0x07, 0x38, 0xe9, 0x64, 0xe8, 0x4c, 0xd5,
	0x8f, 0xe0, 0x00, 0xf0, 0x09, 0xa8, 0x8a, 0x18, 0x69, 0x30, 0x20, 0xd2,
	0xff, 0x98, 0xa2, 0x00, 0xc9, 0x0a, 0x30, 0x07, 0x38, 0xe9, 0x0a, 0xe8,
	0x4c, 0xef, 0x8f, 0xa8, 0x8a, 0x18, 0x69, 0x30, 0x20, 0xd2, 0xff, 0x98,
	0x18, 0x69, 0x30, 0x20, 0xd2, 0xff, 0x60, 0x48, 0x4a, 0x4a, 0x4a, 0x4a,
	0x20, 0x17, 0x90, 0x68, 0x20, 0x17, 0x90, 0x60, 0x29, 0x0f, 0xc9, 0x0a,
	0x10, 0x06, 0x18, 0x69, 0x30, 0x4c, 0x26, 0x90, 0x18, 0x69, 0x37, 0x20,
	0xd2, 0xff, 0x60, 0x01, 0x06, 0x93, 0x01, 0x02, 0x0e, 0x12, 0x01, 0x8b,
	0x00, 0x01, 0x05, 0xd3, 0x52, 0x43, 0x3a, 0x20, 0x00, 0x12, 0x01, 0x04,
	0xc6, 0x31, 0x92, 0x01, 0x05, 0x20, 0xd4, 0x45, 0x45, 0x4e, 0x53, 0x59,
	0x20, 0xcd, 0x45, 0x4d, 0x20, 0x20, 0x12, 0x01, 0x04, 0xc6, 0x35, 0x92,
	0x01, 0x05, 0x20, 0xd5, 0xd3, 0xc2, 0x20, 0xc4, 0x52, 0x49, 0x56, 0x45,
	0x20, 0x20, 0x01, 0x06, 0xd0, 0x47, 0x20, 0x00, 0x0d, 0x12, 0x01, 0x04,
	0xc6, 0x33, 0x92, 0x01, 0x05, 0x20, 0xd3, 0xc4, 0x20, 0xc3, 0x41, 0x52,
	0x44, 0x01, 0x85, 0x12, 0x01, 0x04, 0xc6, 0x37, 0x92, 0x01, 0x06, 0x20,
	0xc8, 0x45, 0x4c, 0x50, 0x00, 0x0d, 0x01, 0x05, 0xd7, 0x52, 0x49, 0x54,
	0x45, 0x20, 0xce, 0xc6, 0xc3, 0x20, 0xd4, 0x41, 0x47, 0x3a, 0x0d, 0x00,
	0x0d, 0x01, 0x04, 0x20, 0xd0, 0x4c, 0x41, 0x43, 0x45, 0x20, 0x54, 0x41,
	0x47, 0x20, 0x49, 0x4e, 0x20, 0xce, 0xc6, 0xc3, 0x20, 0x52, 0x45, 0x41,
	0x44, 0x45, 0x52, 0x2c, 0x0d, 0x20, 0x20, 0x54, 0x48, 0x45, 0x4e, 0x20,
	0x50, 0x52, 0x45, 0x53, 0x53, 0x20, 0x41, 0x4e, 0x59, 0x20, 0x4b, 0x45,
	0x59, 0x20, 0x54, 0x4f, 0x20, 0x57, 0x52, 0x49, 0x54, 0x45, 0x0d, 0x01,
	0x05, 0x00, 0x0d, 0x0d, 0x01, 0x04, 0xd2, 0x45, 0x4d, 0x4f, 0x56, 0x45,
	0x20, 0x54, 0x41, 0x47, 0x20, 0x46, 0x52, 0x4f, 0x4d, 0x20, 0x52, 0x45,
	0x41, 0x44, 0x45, 0x52, 0x2c, 0x20, 0x54, 0x48, 0x45, 0x4e, 0x00, 0x0d,
	0x01, 0x05, 0xd3, 0x45, 0x54, 0x20, 0xd0, 0x4f, 0x57, 0x45, 0x52, 0x2d,
	0x55, 0x50, 0x20, 0xc1, 0x55, 0x54, 0x4f, 0x20, 0xcc, 0x41, 0x55, 0x4e,
	0x43, 0x48, 0x3a, 0x0d, 0x00, 0x0d, 0x01, 0x05, 0xcd, 0x4f, 0x55, 0x4e,
	0x54, 0x20, 0xc4, 0x58, 0x58, 0x20, 0xc6, 0x49, 0x4c, 0x45, 0x3a, 0x0d,
	0x00, 0x0d, 0x01, 0x05, 0xd3, 0xc9, 0xc4, 0x20, 0xc9, 0x4e, 0x46, 0x4f,
	0x20, 0xd0, 0x41, 0x47, 0x45, 0x3a, 0x0d, 0x0d, 0x01, 0x03, 0x20, 0xc6,
	0x49, 0x4c, 0x45, 0x20, 0xc9, 0x4e, 0x46, 0x4f, 0x52, 0x4d, 0x41, 0x54,
	0x49, 0x4f, 0x4e, 0x20, 0x46, 0x4f, 0x52, 0x01, 0x06, 0x00, 0x0d, 0x0d,
	0x01, 0x03, 0x20, 0xd4, 0x48, 0x49, 0x53, 0x20, 0xcd, 0x41, 0x43, 0x48,
	0x49, 0x4e, 0x45, 0x3a, 0x20, 0x01, 0x06, 0x00, 0x30, 0xc8, 0x5a, 0x20,
	0xd4, 0xcf, 0xc4, 0x0d, 0x0d, 0x01, 0x03, 0x20, 0xd3, 0x45, 0x54, 0x54,
	0x49, 0x4e, 0x47, 0x53, 0x3a, 0x0d, 0x01, 0x84, 0x01, 0x04, 0xb6, 0x12,
	0x2b, 0x2f, 0x2d, 0x92, 0xb5, 0x01, 0x05, 0xd3, 0x55, 0x42, 0x2d, 0xd3,
	0x4f, 0x4e, 0x47, 0x20, 0xce, 0x55, 0x4d, 0x42, 0x45, 0x52, 0x3a, 0x0d,
	0x01, 0x83, 0x01, 0x04, 0xb6, 0x12, 0xc3, 0xd2, 0xd3, 0xd2, 0x92, 0xb5,
	0x01, 0x05, 0xc1, 0x44, 0x4a, 0x20, 0xd0, 0x4c, 0x41, 0x59, 0x20, 0xd3,
	0x50, 0x45, 0x45, 0x44, 0x3a, 0x0d, 0x01, 0x86, 0x01, 0x04, 0xb6, 0x12,
	0x4c, 0x92, 0xb5, 0x01, 0x05, 0xd3, 0x50, 0x45, 0x45, 0x44, 0x20, 0xc3,
	0x54, 0x52, 0x4c, 0x20, 0xd4, 0x59, 0x50, 0x45, 0x3a, 0x0d, 0x01, 0x86,
	0x01, 0x04, 0xb6, 0x12, 0x44, 0x92, 0xb5, 0x01, 0x05, 0xc4, 0x45, 0x46,
	0x41, 0x55, 0x4c, 0x54, 0x20, 0xd0, 0x4c, 0x41, 0x59, 0x20, 0xd3, 0x50,
	0x45, 0x45, 0x44, 0x0d, 0x01, 0x83, 0x01, 0x04, 0xb6, 0x12, 0x50, 0x2f,
	0xc6, 0x34, 0x92, 0xb5, 0x01, 0x05, 0xd0, 0x4c, 0x41, 0x59, 0x2f, 0xd0,
	0x41, 0x55, 0x53, 0x45, 0x20, 0xd3, 0xc9, 0xc4, 0x0d, 0x01, 0x82, 0x01,
	0x04, 0xb6, 0x12, 0x31, 0x2f, 0x32, 0x2f, 0x33, 0x92, 0xb5, 0x01, 0x05,
	0xcd, 0x55, 0x54, 0x45, 0x2f, 0xd5, 0x4e, 0x4d, 0x55, 0x54, 0x45, 0x20,
	0xd6, 0x4f, 0x49, 0x43, 0x45, 0x20, 0x23, 0x3a, 0x20, 0x01, 0x06, 0x31,
	0x32, 0x33, 0x0d, 0x01, 0x86, 0x01, 0x04, 0xb6, 0x12, 0x42, 0x92, 0xb5,
	0x01, 0x05, 0xc2, 0x4f, 0x52, 0x44, 0x45, 0x52, 0x20, 0xc5, 0x46, 0x46,
	0x45, 0x43, 0x54, 0x20, 0xcf, 0x4e, 0x2f, 0xcf, 0x46, 0x46, 0x0d, 0x01,
	0x86, 0x01, 0x04, 0xb6, 0x12, 0x53, 0x92, 0xb5, 0x01, 0x05, 0xd3, 0x45,
	0x54, 0x20, 0x4d, 0x41, 0x49, 0x4e, 0x20, 0x42, 0x41, 0x43, 0x4b, 0x47,
	0x52, 0x4f, 0x55, 0x4e, 0x44, 0x20, 0xd3, 0xc9, 0xc4, 0x0d, 0x00, 0x90,
	0x92, 0x9a, 0x92, 0xa2, 0x92, 0xd5, 0xd3, 0xc2, 0x20, 0xc4, 0x52, 0x49,
	0x56, 0x45, 0x00, 0xd3, 0xc4, 0x20, 0xc3, 0x41, 0x52, 0x44, 0x00, 0xd4,
	0x45, 0x45, 0x4e, 0x53, 0x59, 0x20, 0xcd, 0x45, 0x4d, 0x00, 0x01, 0x82,
	0x01, 0x04, 0xb6, 0x12, 0xd3, 0x50, 0x41, 0x43, 0x45, 0x92, 0xb5, 0x01,
	0x05, 0xc2, 0x41, 0x43, 0x4b, 0x20, 0x54, 0x4f, 0x20, 0xcd, 0x41, 0x49,
	0x4e, 0x20, 0x4d, 0x45, 0x4e, 0x55, 0x0d, 0x00, 0x0d, 0x0d, 0x01, 0x04,
	0xd0, 0x4c, 0x45, 0x41, 0x53, 0x45, 0x20, 0xc3, 0x4f, 0x4e, 0x46, 0x49,
	0x52, 0x4d, 0x3a, 0x0d, 0xd5, 0x50, 0x44, 0x41, 0x54, 0x45, 0x20, 0xd4,
	0x45, 0x45, 0x4e, 0x53, 0x59, 0xd2, 0xcf, 0xcd, 0x20, 0xc6, 0x49, 0x52,
	0x4d, 0xd7, 0x41, 0x52, 0x45, 0x3f, 0x20, 0x59, 0x2f, 0x4e, 0x20, 0x00,
	0x01, 0x06, 0xd9, 0x45, 0x53, 0x0d, 0x0d, 0xc6, 0x49, 0x52, 0x4d, 0x57,
	0x41, 0x52, 0x45, 0x20, 0x55, 0x50, 0x44, 0x41, 0x54, 0x45, 0x20, 0x49,
	0x4e, 0x20, 0x50, 0x52, 0x4f, 0x47, 0x52, 0x45, 0x53, 0x53, 0x21, 0x0d,
	0xc9, 0x54, 0x20, 0x57, 0x49, 0x4c, 0x4c, 0x20, 0x54, 0x41, 0x4b, 0x45,
	0x20, 0x41, 0x42, 0x4f, 0x55, 0x54, 0x20, 0x32, 0x20, 0x4d, 0x49, 0x4e,
	0x55, 0x54, 0x45, 0x53, 0x20, 0x54, 0x4f, 0x20, 0x43, 0x4f, 0x4d, 0x50,
	0x4c, 0x45, 0x54, 0x45, 0xc4, 0xcf, 0x20, 0xce, 0xcf, 0xd4, 0x20, 0xd4,
	0xd5, 0xd2, 0xce, 0x20, 0xcf, 0xc6, 0xc6, 0x20, 0xd0, 0xcf, 0xd7, 0xc5,
	0xd2, 0x20, 0xd7, 0xc8, 0xc9, 0xcc, 0xc5, 0x20, 0xd5, 0xd0, 0xc4, 0xc1,
	0xd4, 0xc9, 0xce, 0xc7, 0x21, 0x21, 0x21, 0x0d, 0x01, 0x06, 0x00, 0x01,
	0x04, 0x0d, 0xc6, 0xd7, 0x20, 0xd5, 0x50, 0x44, 0x41, 0x54, 0x45, 0x20,
	0x46, 0x41, 0x49, 0x4c, 0x45, 0x44, 0x00, 0x0d, 0x01, 0x04, 0xd0, 0x52,
	0x45, 0x53, 0x53, 0x20, 0x41, 0x4e, 0x59, 0x20, 0x4b, 0x45, 0x59, 0x20,
	0x54, 0x4f, 0x20, 0x52, 0x45, 0x54, 0x55, 0x52, 0x4e, 0x00, 0x01, 0x03,
	0x20, 0xd7, 0x41, 0x49, 0x54, 0x49, 0x4e, 0x47, 0x3a, 0x00, 0x01, 0x06,
	0xc4, 0x4f, 0x4e, 0x45, 0x00, 0x9d, 0x2b, 0x00, 0x00, 0x0b, 0x0b, 0x01,
	0x0f, 0x0b, 0x0c, 0x00, 0x20, 0x20, 0x20, 0x00, 0xd5, 0x4e, 0x4b, 0x00,
	0xc4, 0x49, 0x52, 0x00, 0xc4, 0x36, 0x34, 0x00, 0xc4, 0x37, 0x31, 0x00,
	0xc4, 0x38, 0x31, 0x00, 0xd0, 0x52, 0x47, 0x00, 0xc3, 0x52, 0x54, 0x00,
	0xc8, 0x45, 0x58, 0x00, 0xd0, 0x30, 0x30, 0x00, 0xd3, 0xc9, 0xc4, 0x00,
	0xcb, 0x4c, 0x41, 0x00, 0xc1, 0x52, 0x54, 0x00, 0xd4, 0x58, 0x54, 0x00,
	0xd3, 0x45, 0x51, 0x00, 0x31, 0x36, 0x4b, 0x00, 0x38, 0xc8, 0x49, 0x00,
	0x38, 0xcc, 0x4f, 0x00, 0x31, 0x32, 0x38, 0x00, 0xd2, 0xc5, 0xd5, 0x8d,
	0x20, 0x9b, 0xa9, 0x02, 0x8d, 0x5c, 0x6d, 0xa9, 0x00, 0x8d, 0x5d, 0x6d,
	0x8d, 0x62, 0x6d, 0x8d, 0x21, 0x9b, 0x8d, 0x34, 0x8b, 0xa9, 0xff, 0x8d,
	0x6b, 0x6d, 0xa9, 0x00, 0x8d, 0xc2, 0x97, 0x8d, 0x34, 0x8b, 0x20, 0xd9,
	0x97, 0x4c, 0x1f, 0x5e, 0x20, 0x3c, 0x50, 0xa9, 0x0e, 0x20, 0xd2, 0xff,
	0xa9, 0x93, 0x20, 0xd2, 0xff, 0x20, 0x16, 0x52, 0x20, 0x26, 0x5c, 0xa2,
	0x01, 0xa0, 0x00, 0x18, 0x20, 0xf0, 0xff, 0xa9, 0x4f, 0xa0, 0x97, 0x20,
	0x9a, 0x8e, 0xad, 0x20, 0x9b, 0x20, 0xcf, 0x8f, 0xa2, 0x01, 0xa0, 0x19,
	0x18, 0x20, 0xf0, 0xff, 0xa9, 0x5a, 0xa0, 0x97, 0x20, 0x9a, 0x8e, 0xad,
	0x21, 0x9b, 0x18, 0x69, 0x01, 0x20, 0xcf, 0x8f, 0xa9, 0x3e, 0x20, 0xd2,
	0xff, 0xa2, 0x02, 0xa0, 0x00, 0x18, 0x20, 0xf0, 0xff, 0xa9, 0x82, 0xa0,
	0x67, 0x20, 0x9a, 0x8e, 0xa2, 0x0f, 0xbd, 0x27, 0x9b, 0x9d, 0xc5, 0x97,
	0xca, 0x10, 0xf7, 0xa9, 0x10, 0x20, 0x6b, 0x95, 0x20, 0x9a, 0x5c, 0xa9,
	0x00, 0x8d, 0xbe, 0x5a, 0xad, 0xbe, 0x5a, 0xcd, 0x22, 0x9b, 0xb0, 0x60,
	0x20, 0x3f, 0x95, 0x20, 0x8b, 0x95, 0x90, 0x04, 0xa9, 0x60, 0xd0, 0x0d,
	0xad, 0xd5, 0x97, 0xc9, 0x50, 0xd0, 0x04, 0xa9, 0x72, 0xd0, 0x02, 0xa9,
	0x6c, 0x20, 0x9a, 0x55, 0xad, 0xbe, 0x5a, 0x20, 0x9d, 0x53, 0xa2, 0x00,
	0xbd, 0xc5, 0x97, 0xc9, 0x20, 0x90, 0x08, 0xc9, 0x80, 0x90, 0x06, 0xc9,
	0xa0, 0xb0, 0x02, 0xa9, 0x20, 0x20, 0xc8, 0x53, 0xe8, 0xe0, 0x10, 0xd0,
	0xe7, 0xad, 0xbe, 0x5a, 0x20, 0xd7, 0x55, 0xad, 0xbe, 0x5a, 0xcd, 0xc2,
	0x97, 0xd0, 0x05, 0xa9, 0x12, 0x20, 0xd2, 0xff, 0xa9, 0x07, 0x20, 0x6b,
	0x95, 0xa9, 0x92, 0x20, 0xd2, 0xff, 0xee, 0xbe, 0x5a, 0x4c, 0xab, 0x94,
	0xa2, 0x13, 0xa0, 0x00, 0x18, 0x20, 0xf0, 0xff, 0xad, 0x24, 0x9b, 0xf0,
	0x0a, 0xa9, 0x62, 0xa0, 0x97, 0x20, 0x9a, 0x8e, 0x4c, 0x39, 0x95, 0xad,
	0x22, 0x9b, 0xd0, 0x0a, 0xa9, 0x86, 0xa0, 0x97, 0x20, 0x9a, 0x8e, 0x4c,
	0x39, 0x95, 0x20, 0xef, 0x5c, 0x4c, 0x70, 0x6d, 0x8d, 0xc3, 0x97, 0x08,
	0x78, 0xa9, 0x38, 0x85, 0xfb, 0xa9, 0x9b, 0x85, 0xfc, 0xae, 0xc3, 0x97,
	0xf0, 0x0e, 0x18, 0xa5, 0xfb, 0x69, 0x14, 0x85, 0xfb, 0x90, 0x02, 0xe6,
	0xfc, 0xca, 0xd0, 0xf2, 0xa0, 0x13, 0xb1, 0xfb, 0x99, 0xc5, 0x97, 0x88,
	0x10, 0xf8, 0x28, 0x60, 0x8d, 0xc4, 0x97, 0xa2, 0x00, 0xbd, 0xc5, 0x97,
	0xc9, 0x20, 0x90, 0x08, 0xc9, 0x80, 0x90, 0x06, 0xc9, 0xa0, 0xb0, 0x02,
	0xa9, 0x20, 0x20, 0xd2, 0xff, 0xe8, 0xec, 0xc4, 0x97, 0xd0, 0xe6, 0x60,
	0xad, 0xd8, 0x97, 0xd0, 0x4a, 0xa2, 0x0f, 0xbd, 0xc5, 0x97, 0xf0, 0x08,
	0xc9, 0xa0, 0xf0, 0x04, 0xc9, 0x20, 0xd0, 0x05, 0xca, 0x10, 0xf0, 0x18,
	0x60, 0xe0, 0x03, 0x90, 0x30, 0xbd, 0xc2, 0x97, 0xc9, 0x2e, 0xd0, 0x29,
	0xbd, 0xc3, 0x97, 0x29, 0x5f, 0xc9, 0x44, 0xd0, 0x20, 0xbd, 0xc4, 0x97,
	0xc9, 0x36, 0xd0, 0x07, 0xbd, 0xc5, 0x97, 0xc9, 0x34, 0xf0, 0x14, 0xbd,
	0xc4, 0x97, 0xc9, 0x37, 0xf0, 0x04, 0xc9, 0x38, 0xd0, 0x07, 0xbd, 0xc5,
	0x97, 0xc9, 0x31, 0xf0, 0x02, 0x18, 0x60, 0x38, 0x60, 0xad, 0x22, 0x9b,
	0xf0, 0x64, 0xad, 0xc2, 0x97, 0x20, 0x3f, 0x95, 0x20, 0x8b, 0x95, 0xb0,
	0x0a, 0xad, 0xd5, 0x97, 0xc9, 0x50, 0xd0, 0x52, 0x4c, 0xfd, 0x9c, 0xa2,
	0x0f, 0xbd, 0xc5, 0x97, 0xf0, 0x08, 0xc9, 0x20, 0xf0, 0x04, 0xc9, 0xa0,
	0xd0, 0x04, 0xca, 0x10, 0xf0, 0x60, 0x8a, 0x18, 0x69, 0x04, 0x8d, 0x26,
	0x9b, 0xbd, 0xc5, 0x97, 0x9d, 0xb7, 0x9c, 0xca, 0x10, 0xf7, 0x4c, 0x26,
	0x96, 0xa9, 0x5f, 0x8d, 0xb7, 0x9c, 0xa9, 0x04, 0x8d, 0x26, 0x9b, 0xa9,
	0x43, 0x8d, 0xb4, 0x9c, 0xa9, 0x44, 0x8d, 0xb5, 0x9c, 0xa9, 0x3a, 0x8d,
	0xb6, 0x9c, 0x20, 0xa7, 0x99, 0xad, 0x24, 0x9b, 0xd0, 0x5a, 0xa9, 0x00,
	0x8d, 0x21, 0x9b, 0x4c, 0x31, 0x94, 0x60, 0xad, 0x23, 0x9b, 0xf0, 0xfa,
	0xad, 0x21, 0x9b, 0xc9, 0xfe, 0xb0, 0xf3, 0xee, 0x21, 0x9b, 0x4c, 0x31,
	0x94, 0xad, 0x21, 0x9b, 0xf0, 0xe8, 0xce, 0x21, 0x9b, 0x4c, 0x31, 0x94,
	0xad, 0xc2, 0x97, 0xc9, 0x05, 0x90, 0x14, 0x38, 0xe9, 0x05, 0x4c, 0x94,
	0x96, 0xad, 0xc2, 0x97, 0x18, 0x69, 0x05, 0xcd, 0x22, 0x9b, 0xb0, 0x0e,
	0x4c, 0x94, 0x96, 0xad, 0xc2, 0x97, 0xf0, 0xd5, 0x38, 0xe9, 0x01, 0x4c,
	0x94, 0x96, 0xad, 0xc2, 0x97, 0x18, 0x69, 0x01, 0xcd, 0x22, 0x9b, 0xb0,
	0xb2, 0x8d, 0xc2, 0x97, 0x4c, 0x1f, 0x5e, 0xc9, 0x5e, 0xd0, 0x05, 0x20,
	0x1c, 0x96, 0x38, 0x60, 0xc9, 0x52, 0xf0, 0x04, 0xc9, 0xd2, 0xd0, 0x05,
	0x20, 0x31, 0x94, 0x38, 0x60, 0xc9, 0xf0, 0xd0, 0x05, 0x20, 0x58, 0x96,
	0x38, 0x60, 0xc9, 0xf1, 0xd0, 0x05, 0x20, 0x46, 0x96, 0x38, 0x60, 0xc9,
	0x0d, 0xf0, 0x2e, 0xc9, 0x91, 0xf0, 0x2a, 0xc9, 0x11, 0xf0, 0x26, 0xc9,
	0x9d, 0xf0, 0x22, 0xc9, 0x1d, 0xf0, 0x1e, 0xc9, 0x13, 0xf0, 0x1a, 0xc9,
	0x03, 0xf0, 0x16, 0xc9, 0x83, 0xf0, 0x12, 0xc9, 0x85, 0x90, 0x0c, 0xc9,
	0x8d, 0x90, 0x0a, 0xc9, 0xf2, 0x90, 0x04, 0xc9, 0xf7, 0x90, 0x02, 0x38,
	0x60, 0x18, 0x60, 0xc0, 0x03, 0x90, 0x41, 0xc0, 0x13, 0xb0, 0x3d, 0x20,
	0x31, 0x7f, 0x90, 0x35, 0x8d, 0x36, 0x8b, 0xad, 0x34, 0x8b, 0xf0, 0x1a,
	0xad, 0xc2, 0x97, 0xcd, 0x36, 0x8b, 0xd0, 0x12, 0xad, 0x35, 0x8b, 0xcd,
	0x36, 0x8b, 0xd0, 0x0a, 0xa9, 0x00, 0x8d, 0x34, 0x8b, 0x20, 0xdc, 0x95,
	0x18, 0x60, 0xad, 0x36, 0x8b, 0x8d, 0xc2, 0x97, 0x8d, 0x35, 0x8b, 0xa9,
	0x01, 0x8d, 0x34, 0x8b, 0x20, 0x1f, 0x5e, 0x18, 0x60, 0x4c, 0xc5, 0x88,
	0xc0, 0x01, 0xd0, 0x0d, 0xe0, 0x03, 0xb0, 0x06, 0x20, 0xc1, 0x62, 0x4c,
	0xc5, 0x88, 0x4c, 0x22, 0x88, 0x4c, 0xb9, 0x63, 0x5b, 0xd8, 0x5d, 0x20,
	0xc4, 0xd2, 0xc9, 0xd6, 0xc5, 0x20, 0x00, 0x3c, 0x20, 0xd0, 0xc1, 0xc7,
	0xc5, 0x20, 0x00, 0xc4, 0xd2, 0xc9, 0xd6, 0xc5, 0x20, 0xce, 0xcf, 0xd4,
	0x20, 0xd2, 0xc5, 0xc1, 0xc4, 0xd9, 0x20, 0x2f, 0x20, 0xc4, 0xc9, 0xd3,
	0xcb, 0x20, 0xcf, 0xd2, 0x20, 0xc4, 0xcf, 0xd3, 0x20, 0xc5, 0xd2, 0xd2,
	0xcf, 0xd2, 0x00, 0xce, 0xcf, 0x20, 0xc4, 0xc9, 0xd2, 0xc5, 0xc3, 0xd4,
	0xcf, 0xd2, 0xd9, 0x20, 0xc5, 0xce, 0xd4, 0xd2, 0xc9, 0xc5, 0xd3, 0x00,
	0xc4, 0xc9, 0xd2, 0x2f, 0xc4, 0x36, 0x34, 0x3a, 0x20, 0xcf, 0xd0, 0xc5,
	0xce, 0x20, 0x20, 0x20, 0xd2, 0x3a, 0x20, 0xd2, 0xc5, 0xc6, 0xd2, 0xc5,
	0xd3, 0xc8, 0x20, 0x20, 0x20, 0xd2, 0xc5, 0xc1, 0xc4, 0x20, 0xcf, 0xce,
	0xcc, 0xd9, 0x00, 0x00, 0x00, 0x00, 0x00, 0x00, 0x00, 0x00, 0x00, 0x00,
	0x00, 0x00, 0x00, 0x00, 0x00, 0x00, 0x00, 0x00, 0x00, 0x00, 0x00, 0x00,
	0x00, 0x00, 0xa9, 0x00, 0x8d, 0x22, 0x9b, 0x8d, 0x23, 0x9b, 0xa2, 0x10,
	0x9d, 0x27, 0x9b, 0xca, 0x10, 0xfa, 0xa9, 0x02, 0x20, 0x4e, 0x9a, 0x90,
	0x03, 0x4c, 0x73, 0x98, 0xa9, 0x00, 0x8d, 0xf3, 0x9c, 0x8d, 0xf4, 0x9c,
	0xae, 0x21, 0x9b, 0xf0, 0x11, 0x18, 0xad, 0xf3, 0x9c, 0x69, 0x13, 0x8d,
	0xf3, 0x9c, 0x90, 0x03, 0xee, 0xf4, 0x9c, 0xca, 0xd0, 0xef, 0xa9, 0x38,
	0x8d, 0x8e, 0x99, 0xa9, 0x9b, 0x8d, 0x8f, 0x99, 0xa9, 0x01, 0x8d, 0xf5,
	0x9c, 0xa2, 0xd4, 0xa0, 0x9c, 0x20, 0xbd, 0xff, 0xa9, 0x02, 0xae, 0x20,
	0x9b, 0xa0, 0x00, 0x20, 0xba, 0xff, 0x20, 0x99, 0x9a, 0x90, 0x03, 0x4c,
	0x73, 0x98, 0x20, 0xbe, 0x9a, 0x90, 0x03, 0x4c, 0x83, 0x98, 0x20, 0xbe,
	0x9a, 0x90, 0x03, 0x4c, 0x83, 0x98, 0x20, 0xbe, 0x9a, 0x90, 0x0d, 0xad,
	0x24, 0x9b, 0xd0, 0x20, 0xad, 0xf5, 0x9c, 0xf0, 0x1b, 0x4c, 0x83, 0x98,
	0x8d, 0xf6, 0x9c, 0x20, 0xbe, 0x9a, 0x90, 0x03, 0x4c, 0x83, 0x98, 0x0d,
	0xf6, 0x9c, 0xd0, 0x24, 0xad, 0xf5, 0x9c, 0xf0, 0x03, 0x4c, 0x83, 0x98,
	0xad, 0x24, 0x9b, 0xf0, 0x08, 0xa9, 0x00, 0x8d, 0x22, 0x9b, 0x8d, 0x23,
	0x9b, 0x4c, 0xfb, 0x9a, 0xad, 0x24, 0x9b, 0xd0, 0xeb, 0xa9, 0x02, 0x8d,
	0x24, 0x9b, 0xd0, 0xe4, 0xa9, 0x00, 0x8d, 0xf7, 0x9c, 0x8d, 0xf8, 0x9c,
	0x8d, 0xf9, 0x9c, 0xa2, 0x13, 0x9d, 0xd5, 0x9c, 0xca, 0x10, 0xfa, 0xa9,
	0x60, 0x8d, 0xfa, 0x9c, 0x20, 0xbe, 0x9a, 0xb0, 0xd7, 0x8d, 0xe6, 0x9c,
	0x20, 0xbe, 0x9a, 0xb0, 0xcf, 0x8d, 0xe7, 0x9c, 0x20, 0xbe, 0x9a, 0xb0,
	0xc7, 0xc9, 0x00, 0xf0, 0x4b, 0xce, 0xfa, 0x9c, 0x30, 0xbe, 0xae, 0xf7,
	0x9c, 0xf0, 0x1d, 0xe0, 0x01, 0xf0, 0x22, 0xae, 0xf9, 0x9c, 0xe0, 0x03,
	0xb0, 0xe2, 0x29, 0x7f, 0xc9, 0x41, 0x90, 0xdc, 0xc9, 0x5b, 0xb0, 0xd8,
	0x9d, 0xe9, 0x9c, 0xee, 0xf9, 0x9c, 0xd0, 0xd0, 0xc9, 0x22, 0xd0, 0xcc,
	0xee, 0xf7, 0x9c, 0xd0, 0xc7, 0xc9, 0x22, 0xf0, 0x0f, 0xae, 0xf8, 0x9c,
	0xe0, 0x10, 0xb0, 0x88, 0x9d, 0xd5, 0x9c, 0xee, 0xf8, 0x9c, 0xd0, 0xb4,
	0xee, 0xf7, 0x9c, 0xd0, 0xaf, 0x4c, 0x83, 0x98, 0xad, 0xf7, 0x9c, 0xc9,
	0x01, 0xf0, 0xf6, 0xae, 0xf5, 0x9c, 0xf0, 0x17, 0xc9, 0x02, 0xd0, 0xed,
	0xa2, 0x0f, 0xbd, 0xd5, 0x9c, 0x9d, 0x27, 0x9b, 0xca, 0x10, 0xf7, 0xa9,
	0x00, 0x8d, 0xf5, 0x9c, 0x4c, 0x49, 0x98, 0xc9, 0x02, 0xf0, 0x03, 0x4c,
	0x49, 0x98, 0xad, 0xf8, 0x9c, 0xf0, 0xce, 0xad, 0xf9, 0x9c, 0xf0, 0xc9,
	0xad, 0xe9, 0x9c, 0x8d, 0xe5, 0x9c, 0xc9, 0x44, 0xd0, 0x1a, 0xad, 0xf9,
	0x9c, 0xc9, 0x03, 0xd0, 0x13, 0xad, 0xea, 0x9c, 0xc9, 0x49, 0xd0, 0x0c,
	0xad, 0xeb, 0x9c, 0xc9, 0x52, 0xd0, 0x05, 0xa9, 0x01, 0x8d, 0xe8, 0x9c,
	0xad, 0xf3, 0x9c, 0x0d, 0xf4, 0x9c, 0xf0, 0x0e, 0xad, 0xf3, 0x9c, 0xd0,
	0x03, 0xce, 0xf4, 0x9c, 0xce, 0xf3, 0x9c, 0x4c, 0x49, 0x98, 0xad, 0x22,
	0x9b, 0xc9, 0x13, 0x90, 0x08, 0xa9, 0x01, 0x8d, 0x23, 0x9b, 0x4c, 0x73,
	0x98, 0xa2, 0x13, 0xbd, 0xd5, 0x9c, 0x9d, 0xff, 0xff, 0xca, 0x10, 0xf7,
	0x18, 0xad, 0x8e, 0x99, 0x69, 0x14, 0x8d, 0x8e, 0x99, 0x90, 0x03, 0xee,
	0x8f, 0x99, 0xee, 0x22, 0x9b, 0x4c, 0x49, 0x98, 0xa9, 0x03, 0x20, 0x4e,
	0x9a, 0x90, 0x03, 0x4c, 0xfb, 0x9a, 0xad, 0x26, 0x9b, 0xc9, 0x04, 0x90,
	0x6f, 0xc9, 0x21, 0xb0, 0x6b, 0xad, 0xb4, 0x9c, 0x29, 0x7f, 0xc9, 0x43,
	0xd0, 0x62, 0xad, 0xb5, 0x9c, 0x29, 0x7f, 0xc9, 0x44, 0xd0, 0x59, 0xad,
	0xb6, 0x9c, 0xc9, 0x3a, 0xd0, 0x52, 0xa2, 0x03, 0xbd, 0xb4, 0x9c, 0xc9,
	0x20, 0x90, 0x49, 0xe8, 0xec, 0x26, 0x9b, 0x90, 0xf3, 0xad, 0x26, 0x9b,
	0xa2, 0xb4, 0xa0, 0x9c, 0x20, 0xbd, 0xff, 0xa9, 0x03, 0xae, 0x20, 0x9b,
	0xa0, 0x0f, 0x20, 0xba, 0xff, 0x20, 0x99, 0x9a, 0xb0, 0x27, 0x20, 0x2e,
	0x9a, 0xb0, 0x22, 0x8d, 0x25, 0x9b, 0x0a, 0x0a, 0x18, 0x6d, 0x25, 0x9b,
	0x0a, 0x8d, 0x25, 0x9b, 0x20, 0x2e, 0x9a, 0xb0, 0x10, 0x18, 0x6d, 0x25,
	0x9b, 0x8d, 0x25, 0x9b, 0xc9, 0x14, 0x90, 0x05, 0xa9, 0x01, 0x8d, 0x24,
	0x9b, 0x4c, 0xfb, 0x9a, 0xa9, 0x02, 0x8d, 0x24, 0x9b, 0xd0, 0xf6, 0x20,
	0xbe, 0x9a, 0x90, 0x07, 0xad, 0x24, 0x9b, 0xd0, 0x14, 0xf0, 0x0d, 0xc9,
	0x30, 0x90, 0x09, 0xc9, 0x3a, 0xb0, 0x05, 0x38, 0xe9, 0x30, 0x18, 0x60,
	0xa9, 0x02, 0x8d, 0x24, 0x9b, 0x38, 0x60, 0x8d, 0xec, 0x9c, 0xad, 0x75,
	0x8c, 0x8d, 0xee, 0x9c, 0xa9, 0x01, 0x8d, 0x75, 0x8c, 0xa5, 0x9d, 0x8d,
	0xef, 0x9c, 0xa9, 0x00, 0x85, 0x9d, 0x8d, 0x24, 0x9b, 0x8d, 0xf0, 0x9c,
	0x8d, 0xf1, 0x9c, 0x8d, 0xf2, 0x9c, 0x8d, 0xed, 0x9c, 0x8d, 0x25, 0x9b,
	0xad, 0x20, 0x9b, 0xc9, 0x08, 0xf0, 0x04, 0xc9, 0x09, 0xd0, 0x35, 0xad,
	0xec, 0x9c, 0xa6, 0x98, 0xf0, 0x0e, 0xe0, 0x0b, 0xb0, 0x2a, 0xca, 0xdd,
	0x59, 0x02, 0xf0, 0x24, 0xe0, 0x00, 0xd0, 0xf6, 0x18, 0x60, 0xa9, 0x01,
	0x8d, 0xed, 0x9c, 0x20, 0xc0, 0xff, 0xb0, 0x14, 0x20, 0xb7, 0xff, 0xd0,
	0x0f, 0xae, 0xec, 0x9c, 0x20, 0xc6, 0xff, 0xb0, 0x07, 0x20, 0xb7, 0xff,
	0xd0, 0x02, 0x18, 0x60, 0xa9, 0x01, 0x8d, 0x24, 0x9b, 0x38, 0x60, 0xad,
	0xf0, 0x9c, 0xd0, 0x36, 0x20, 0xe1, 0xff, 0xf0, 0x2c, 0xad, 0xf2, 0x9c,
	0x30, 0x27, 0xee, 0xf1, 0x9c, 0xd0, 0x03, 0xee, 0xf2, 0x9c, 0x20, 0xcf,
	0xff, 0x8d, 0xfb, 0x9c, 0xb0, 0xda, 0x20, 0xb7, 0xff, 0x8d, 0xfc, 0x9c,
	0x29, 0xbf, 0xd0, 0xd0, 0xad, 0xfc, 0x9c, 0x29, 0x40, 0x8d, 0xf0, 0x9c,
	0xad, 0xfb, 0x9c, 0x18, 0x60, 0xa9, 0x02, 0x8d, 0x24, 0x9b, 0x38, 0x60,
	0x20, 0xcc, 0xff, 0xad, 0xed, 0x9c, 0xf0, 0x06, 0xad, 0xec, 0x9c, 0x20,
	0xc3, 0xff, 0x20, 0xcc, 0xff, 0xad, 0xef, 0x9c, 0x85, 0x9d, 0xad, 0xee,
	0x9c, 0x8d, 0x75, 0x8c, 0xad, 0x24, 0x9b, 0xf0, 0x02, 0x38, 0x60, 0x18,
	0x60, 0x08, 0x00, 0x00, 0x00, 0x00, 0x00, 0x00, 0x00, 0x00, 0x00, 0x00,
	0x00, 0x00, 0x00, 0x00, 0x00, 0x00, 0x00, 0x00, 0x00, 0x00, 0x00, 0x00,
	0x00, 0x00, 0x00, 0x00, 0x00, 0x00, 0x00, 0x00, 0x00, 0x00, 0x00, 0x00,
	0x00, 0x00, 0x00, 0x00, 0x00, 0x00, 0x00, 0x00, 0x00, 0x00, 0x00, 0x00,
	0x00, 0x00, 0x00, 0x00, 0x00, 0x00, 0x00, 0x00, 0x00, 0x00, 0x00, 0x00,
	0x00, 0x00, 0x00, 0x00, 0x00, 0x00, 0x00, 0x00, 0x00, 0x00, 0x00, 0x00,
	0x00, 0x00, 0x00, 0x00, 0x00, 0x00, 0x00, 0x00, 0x00, 0x00, 0x00, 0x00,
	0x00, 0x00, 0x00, 0x00, 0x00, 0x00, 0x00, 0x00, 0x00, 0x00, 0x00, 0x00,
	0x00, 0x00, 0x00, 0x00, 0x00, 0x00, 0x00, 0x00, 0x00, 0x00, 0x00, 0x00,
	0x00, 0x00, 0x00, 0x00, 0x00, 0x00, 0x00, 0x00, 0x00, 0x00, 0x00, 0x00,
	0x00, 0x00, 0x00, 0x00, 0x00, 0x00, 0x00, 0x00, 0x00, 0x00, 0x00, 0x00,
	0x00, 0x00, 0x00, 0x00, 0x00, 0x00, 0x00, 0x00, 0x00, 0x00, 0x00, 0x00,
	0x00, 0x00, 0x00, 0x00, 0x00, 0x00, 0x00, 0x00, 0x00, 0x00, 0x00, 0x00,
	0x00, 0x00, 0x00, 0x00, 0x00, 0x00, 0x00, 0x00, 0x00, 0x00, 0x00, 0x00,
	0x00, 0x00, 0x00, 0x00, 0x00, 0x00, 0x00, 0x00, 0x00, 0x00, 0x00, 0x00,
	0x00, 0x00, 0x00, 0x00, 0x00, 0x00, 0x00, 0x00, 0x00, 0x00, 0x00, 0x00,
	0x00, 0x00, 0x00, 0x00, 0x00, 0x00, 0x00, 0x00, 0x00, 0x00, 0x00, 0x00,
	0x00, 0x00, 0x00, 0x00, 0x00, 0x00, 0x00, 0x00, 0x00, 0x00, 0x00, 0x00,
	0x00, 0x00, 0x00, 0x00, 0x00, 0x00, 0x00, 0x00, 0x00, 0x00, 0x00, 0x00,
	0x00, 0x00, 0x00, 0x00, 0x00, 0x00, 0x00, 0x00, 0x00, 0x00, 0x00, 0x00,
	0x00, 0x00, 0x00, 0x00, 0x00, 0x00, 0x00, 0x00, 0x00, 0x00, 0x00, 0x00,
	0x00, 0x00, 0x00, 0x00, 0x00, 0x00, 0x00, 0x00, 0x00, 0x00, 0x00, 0x00,
	0x00, 0x00, 0x00, 0x00, 0x00, 0x00, 0x00, 0x00, 0x00, 0x00, 0x00, 0x00,
	0x00, 0x00, 0x00, 0x00, 0x00, 0x00, 0x00, 0x00, 0x00, 0x00, 0x00, 0x00,
	0x00, 0x00, 0x00, 0x00, 0x00, 0x00, 0x00, 0x00, 0x00, 0x00, 0x00, 0x00,
	0x00, 0x00, 0x00, 0x00, 0x00, 0x00, 0x00, 0x00, 0x00, 0x00, 0x00, 0x00,
	0x00, 0x00, 0x00, 0x00, 0x00, 0x00, 0x00, 0x00, 0x00, 0x00, 0x00, 0x00,
	0x00, 0x00, 0x00, 0x00, 0x00, 0x00, 0x00, 0x00, 0x00, 0x00, 0x00, 0x00,
	0x00, 0x00, 0x00, 0x00, 0x00, 0x00, 0x00, 0x00, 0x00, 0x00, 0x00, 0x00,
	0x00, 0x00, 0x00, 0x00, 0x00, 0x00, 0x00, 0x00, 0x00, 0x00, 0x00, 0x00,
	0x00, 0x00, 0x00, 0x00, 0x00, 0x00, 0x00, 0x00, 0x00, 0x00, 0x00, 0x00,
	0x00, 0x00, 0x00, 0x00, 0x00, 0x00, 0x00, 0x00, 0x00, 0x00, 0x00, 0x00,
	0x00, 0x00, 0x00, 0x00, 0x00, 0x00, 0x00, 0x00, 0x00, 0x00, 0x00, 0x00,
	0x00, 0x00, 0x00, 0x00, 0x00, 0x00, 0x00, 0x00, 0x00, 0x00, 0x00, 0x00,
	0x00, 0x00, 0x00, 0x00, 0x00, 0x00, 0x00, 0x00, 0x00, 0x00, 0x00, 0x00,
	0x00, 0x00, 0x00, 0x00, 0x00, 0x00, 0x00, 0x00, 0x00, 0x00, 0x00, 0x00,
	0x00, 0x00, 0x00, 0x00, 0x00, 0x24, 0x00, 0x00, 0x00, 0x00, 0x00, 0x00,
	0x00, 0x00, 0x00, 0x00, 0x00, 0x00, 0x00, 0x00, 0x00, 0x00, 0x00, 0x00,
	0x00, 0x00, 0x00, 0x00, 0x00, 0x00, 0x00, 0x00, 0x00, 0x00, 0x00, 0x00,
	0x00, 0x00, 0x00, 0x00, 0x00, 0x00, 0x00, 0x00, 0x00, 0x00, 0xa2, 0x0f,
	0xbd, 0xc5, 0x97, 0xf0, 0x08, 0xc9, 0xa0, 0xf0, 0x04, 0xc9, 0x20, 0xd0,
	0x04, 0xca, 0x10, 0xf0, 0x60, 0xe8, 0x8e, 0xd6, 0x9d, 0xa9, 0x02, 0x20,
	0x4e, 0x9a, 0xb0, 0x37, 0xad, 0xd6, 0x9d, 0xa2, 0xc5, 0xa0, 0x97, 0x20,
	0xbd, 0xff, 0xa9, 0x02, 0xae, 0x20, 0x9b, 0xa0, 0x02, 0x20, 0xba, 0xff,
	0x20, 0x99, 0x9a, 0xb0, 0x1e, 0x20, 0xbe, 0x9a, 0xb0, 0x14, 0x8d, 0xd7,
	0x9d, 0x20, 0xbe, 0x9a, 0xb0, 0x0c, 0x8d, 0xd8, 0x9d, 0xc9, 0x08, 0x90,
	0x05, 0xad, 0xf0, 0x9c, 0xf0, 0x05, 0xa9, 0x02, 0x8d, 0x24, 0x9b, 0x20,
	0xfb, 0x9a, 0x90, 0x03, 0x4c, 0x1f, 0x5e, 0x20, 0x7d, 0x87, 0x20, 0x27,
	0x8c, 0x20, 0x3c, 0x50, 0x78, 0xd8, 0x20, 0x84, 0xff, 0xa9, 0x00, 0xa8,
	0x99, 0x02, 0x00, 0x99, 0x00, 0x02, 0x99, 0x00, 0x03, 0xc8, 0xd0, 0xf4,
	0xa2, 0x00, 0xa0, 0xa0, 0x20, 0x8c, 0xfd, 0x20, 0x8a, 0xff, 0x20, 0x81,
	0xff, 0x58, 0x20, 0x53, 0xe4, 0x20, 0xbf, 0xe3, 0x20, 0x22, 0xe4, 0xa2,
	0x00, 0xbd, 0xd9, 0x9d, 0x9d, 0x3c, 0x03, 0xe8, 0xe0, 0x90, 0xd0, 0xf5,
	0xa2, 0x0f, 0xbd, 0xc5, 0x97, 0x9d, 0xbc, 0x03, 0xca, 0x10, 0xf7, 0xad,
	0xd6, 0x9d, 0x8d, 0xb8, 0x03, 0xad, 0x20, 0x9b, 0x8d, 0xb9, 0x03, 0xad,
	0xd7, 0x9d, 0x8d, 0xba, 0x03, 0xad, 0xd8, 0x9d, 0x8d, 0xbb, 0x03, 0x20,
	0xc4, 0x9d, 0x4c, 0x3c, 0x03, 0xa9, 0x00, 0x8d, 0x04, 0xde, 0xa9, 0x38,
	0x8d, 0x04, 0xde, 0xad, 0xfe, 0xde, 0xc9, 0xff, 0xd0, 0xf9, 0x60, 0x00,
	0x00, 0x00, 0xa2, 0xfb, 0x9a, 0xad, 0xb8, 0x03, 0xa2, 0xbc, 0xa0, 0x03,
	0x20, 0xbd, 0xff, 0xa9, 0x01, 0xae, 0xb9, 0x03, 0xa0, 0x01, 0x20, 0xba,
	0xff, 0xa9, 0x00, 0x20, 0xd5, 0xff, 0xb0, 0x2a, 0x86, 0x2d, 0x84, 0x2e,
	0x86, 0xae, 0x84, 0xaf, 0xad, 0xbb, 0x03, 0xc9, 0x08, 0xd0, 0x15, 0xad,
	0xba, 0x03, 0xc9, 0x01, 0xd0, 0x0e, 0x20, 0x59, 0xa6, 0x20, 0x33, 0xa5,
	0xad, 0xb9, 0x03, 0x85, 0xba, 0x4c, 0xae, 0xa7, 0xa9, 0x8e, 0xa0, 0x03,
	0xd0, 0x04, 0xa9, 0xaa, 0xa0, 0x03, 0x20, 0x1e, 0xab, 0x6c, 0x02, 0xa0,
	0x0d, 0x4c, 0x4f, 0x41, 0x44, 0x45, 0x44, 0x20, 0x2d, 0x20, 0x55, 0x53,
	0x45, 0x20, 0x53, 0x59, 0x53, 0x20, 0x54, 0x4f, 0x20, 0x53, 0x54, 0x41,
	0x52, 0x54, 0x0d, 0x00, 0x0d, 0x4c, 0x4f, 0x41, 0x44, 0x20, 0x46, 0x41,
	0x49, 0x4c, 0x45, 0x44, 0x0d, 0x00, 0x00, 0x08, 0x00, 0x00, 0x00, 0x00,
	0x00, 0x00, 0x00, 0x00, 0x00, 0x00, 0x00, 0x00, 0x00, 0x00, 0x00, 0x00,
	0x00, 0x00
};

#endif /* DESKTOPSHELL_PRG_H */
